---------------------------------------------;;;;;;;;;;;;;;;;;;;;;;;;;;;;;;;;;;
------------- Cheyette DD Model ------------;;;;;;;;;;;;;;;;;;;;;;;;;;;;;;;;;;
  SIGMA piecewise constant ;;;;;;;;;;;;;;;;;;;;;;;;;;;;;;;;;;
       for x in [0, 1], y = 1.59992;;;;;;;;;;;;;;;;;;;;;;;;;;;;;;;;;;
       for x in [1, 2[, y = 1.5906;;;;;;;;;;;;;;;;;;;;;;;;;;;;;;;;;;
       for x in [2, 3[, y = 1.2722;;;;;;;;;;;;;;;;;;;;;;;;;;;;;;;;;;
       for x in [3, 4[, y = 1.13141;;;;;;;;;;;;;;;;;;;;;;;;;;;;;;;;;;
       for x in [4, 5[, y = 1.16509;;;;;;;;;;;;;;;;;;;;;;;;;;;;;;;;;;
       for x in [5, 6[, y = 1.0576;;;;;;;;;;;;;;;;;;;;;;;;;;;;;;;;;;
       for x in [6, 7[, y = 0.799576;;;;;;;;;;;;;;;;;;;;;;;;;;;;;;;;;;
       for x in [7, 8[, y = 1.04691;;;;;;;;;;;;;;;;;;;;;;;;;;;;;;;;;;
       for x in [8, 9], y = 1.04753;;;;;;;;;;;;;;;;;;;;;;;;;;;;;;;;;;
  M piecewise constant ;;;;;;;;;;;;;;;;;;;;;;;;;;;;;;;;;;
       for x in [0, 1], y = 2.51013e-008;;;;;;;;;;;;;;;;;;;;;;;;;;;;;;;;;;
       for x in [1, 2[, y = 1.74725e-007;;;;;;;;;;;;;;;;;;;;;;;;;;;;;;;;;;
       for x in [2, 3[, y = 0.0519232;;;;;;;;;;;;;;;;;;;;;;;;;;;;;;;;;;
       for x in [3, 4[, y = 0.0706658;;;;;;;;;;;;;;;;;;;;;;;;;;;;;;;;;;
       for x in [4, 5[, y = 8.85655e-007;;;;;;;;;;;;;;;;;;;;;;;;;;;;;;;;;;
       for x in [5, 6[, y = 0.04733;;;;;;;;;;;;;;;;;;;;;;;;;;;;;;;;;;
       for x in [6, 7[, y = 0.0961333;;;;;;;;;;;;;;;;;;;;;;;;;;;;;;;;;;
       for x in [7, 8[, y = 0.00831002;;;;;;;;;;;;;;;;;;;;;;;;;;;;;;;;;;
       for x in [8, 9], y = 2.24421e-006;;;;;;;;;;;;;;;;;;;;;;;;;;;;;;;;;;
  k constant ;;;;;;;;;;;;;;;;;;;;;;;;;;;;;;;;;;
       k = 0.15;;;;;;;;;;;;;;;;;;;;;;;;;;;;;;;;;;
---------------------------------------------;;;;;;;;;;;;;;;;;;;;;;;;;;;;;;;;;;
swaption ; volATM - 5bp ; volATM ; volATM + 5 bp;;;;;;;;;;;;;;;;;;;;;;;;;;;;;;;
vol ATM swaption 1Y9Y ;0.2237;0.2225;0.2213;;;;;;;;;;;;;;;;;;;;;;;;;;;;;;;
vol ATM swaption 2Y8Y ;0.2098;0.2085;0.2072;;;;;;;;;;;;;;;;;;;;;;;;;;;;;;;
vol ATM swaption 3Y7Y ;0.1898;0.189;0.1882;;;;;;;;;;;;;;;;;;;;;;;;;;;;;;;
vol ATM swaption 4Y6Y ;0.1746;0.174;0.1734;;;;;;;;;;;;;;;;;;;;;;;;;;;;;;;
vol ATM swaption 5Y5Y ;0.161;0.16;0.1592;;;;;;;;;;;;;;;;;;;;;;;;;;;;;;;
vol ATM swaption 6Y4Y ;0.1536;0.1529;0.1524;;;;;;;;;;;;;;;;;;;;;;;;;;;;;;;
vol ATM swaption 7Y3Y ;0.146;0.1455;0.145;;;;;;;;;;;;;;;;;;;;;;;;;;;;;;;
vol ATM swaption 8Y2Y ;0.1414;0.1409;0.1403;;;;;;;;;;;;;;;;;;;;;;;;;;;;;;;
vol ATM swaption 9Y1Y ;0.1384;0.1378;0.1372;;;;;;;;;;;;;;;;;;;;;;;;;;;;;;;
;;;;;;;;;;;;;;;;;;;;;;;;;;;;;;;;;;
---------------------------------------------;;;;;;;;;;;;;;;;;;;;;;;;;;;;;;;;;;
------------- Cheyette DD Model ------------;;;;;;;;;;;;;;;;;;;;;;;;;;;;;;;;;;
  SIGMA piecewise constant ;;;;;;;;;;;;;;;;;;;;;;;;;;;;;;;;;;
       for x in [0, 1], y = 0.2;;;;;;;;;;;;;;;;;;;;;;;;;;;;;;;;;;
       for x in [1, 2[, y = 0.2;;;;;;;;;;;;;;;;;;;;;;;;;;;;;;;;;;
       for x in [2, 3[, y = 0.2;;;;;;;;;;;;;;;;;;;;;;;;;;;;;;;;;;
       for x in [3, 4[, y = 0.2;;;;;;;;;;;;;;;;;;;;;;;;;;;;;;;;;;
       for x in [4, 5[, y = 0.2;;;;;;;;;;;;;;;;;;;;;;;;;;;;;;;;;;
       for x in [5, 6[, y = 0.2;;;;;;;;;;;;;;;;;;;;;;;;;;;;;;;;;;
       for x in [6, 7[, y = 0.2;;;;;;;;;;;;;;;;;;;;;;;;;;;;;;;;;;
       for x in [7, 8[, y = 0.2;;;;;;;;;;;;;;;;;;;;;;;;;;;;;;;;;;
       for x in [8, 9], y = 0.2;;;;;;;;;;;;;;;;;;;;;;;;;;;;;;;;;;
  M piecewise constant ;;;;;;;;;;;;;;;;;;;;;;;;;;;;;;;;;;
       for x in [0, 1], y = 0.4;;;;;;;;;;;;;;;;;;;;;;;;;;;;;;;;;;
       for x in [1, 2[, y = 0.4;;;;;;;;;;;;;;;;;;;;;;;;;;;;;;;;;;
       for x in [2, 3[, y = 0.4;;;;;;;;;;;;;;;;;;;;;;;;;;;;;;;;;;
       for x in [3, 4[, y = 0.4;;;;;;;;;;;;;;;;;;;;;;;;;;;;;;;;;;
       for x in [4, 5[, y = 0.4;;;;;;;;;;;;;;;;;;;;;;;;;;;;;;;;;;
       for x in [5, 6[, y = 0.4;;;;;;;;;;;;;;;;;;;;;;;;;;;;;;;;;;
       for x in [6, 7[, y = 0.4;;;;;;;;;;;;;;;;;;;;;;;;;;;;;;;;;;
       for x in [7, 8[, y = 0.4;;;;;;;;;;;;;;;;;;;;;;;;;;;;;;;;;;
       for x in [8, 9], y = 0.4;;;;;;;;;;;;;;;;;;;;;;;;;;;;;;;;;;
  k constant ;;;;;;;;;;;;;;;;;;;;;;;;;;;;;;;;;;
       k = 0.15;;;;;;;;;;;;;;;;;;;;;;;;;;;;;;;;;;
---------------------------------------------;;;;;;;;;;;;;;;;;;;;;;;;;;;;;;;;;;
shift 1 : r(t) / r(0);;;;;;;;;;;;;;;;;;;;;;;;;;;;;;;;;;
courbe des taux ZC spot (yield);;;;;;;;;;;;;;;;;;;;;;;;;;;;;;;;;;
listeMatu ; ;;;;;;;;;;;;;;;;;;;;;;;;;;;;;;;;;
0;0.5;1;1.5;2;2.5;3;3.5;4;4.5;5;5.5;6;6.5;7;7.5;8;8.5;9;9.5;10;10.5;11;11.5;12;12.5;13;13.5;14;14.5;15;15.5;16;16.5; 
tauxZC ; ;;;;;;;;;;;;;;;;;;;;;;;;;;;;;;;;;
0.00995071;0.00995071;0.0126871;0.0153112;0.0180318;0.0203691;0.0220021;0.0236879;0.025025;0.0264403;0.0276452;0.0288045;0.0298401;0.0309086;0.0318943;0.0326964;0.0334599;0.0341506;0.0348226;0.0354328;0.0360372;0.0365373;0.0370424;0.0375446;0.0380555;0.0383738;0.0387093;0.0390621;0.0394322;0.03982;0.0402258;0.0402303;0.0402604;0.040315; 
;;;;;;;;;;;;;;;;;;;;;;;;;;;;;;;;;;
;;;;;;;;;;;;;;;;;;;;;;;;;;;;;;;;;;
------ Calibration sur la swaption 1Y9Y -------;;;;;;;;;;;;;;;;;;;;;;;;;;;;;;;;;;
;;;;;;;;;;;;;;;;;;;;;;;;;;;;;;;;;;
sigma : ;0.2; volModel : ;0.0313155; volQuote : ;0.2225;;;;;;;;;;;;;;;;;;;;;;;;;;;;;
sigma : ;0.2; volModel : ;0.0313155; volQuote : ;0.2225;;;;;;;;;;;;;;;;;;;;;;;;;;;;;
sigma : ;0.20002; volModel : ;0.0313186; volQuote : ;0.2225;;;;;;;;;;;;;;;;;;;;;;;;;;;;;
sigma : ;0.4; volModel : ;0.0625557; volQuote : ;0.2225;;;;;;;;;;;;;;;;;;;;;;;;;;;;;
sigma : ;0.40004; volModel : ;0.062562; volQuote : ;0.2225;;;;;;;;;;;;;;;;;;;;;;;;;;;;;
sigma : ;0.8; volModel : ;0.12451; volQuote : ;0.2225;;;;;;;;;;;;;;;;;;;;;;;;;;;;;
sigma : ;0.80008; volModel : ;0.124523; volQuote : ;0.2225;;;;;;;;;;;;;;;;;;;;;;;;;;;;;
sigma : ;1.4378; volModel : ;0.220577; volQuote : ;0.2225;;;;;;;;;;;;;;;;;;;;;;;;;;;;;
sigma : ;1.43795; volModel : ;0.220598; volQuote : ;0.2225;;;;;;;;;;;;;;;;;;;;;;;;;;;;;
sigma : ;1.45089; volModel : ;0.222499; volQuote : ;0.2225;;;;;;;;;;;;;;;;;;;;;;;;;;;;;
sigma : ;1.45103; volModel : ;0.22252; volQuote : ;0.2225;;;;;;;;;;;;;;;;;;;;;;;;;;;;;
sigma : ;1.45089; volModel : ;0.2225; volQuote : ;0.2225;;;;;;;;;;;;;;;;;;;;;;;;;;;;;
sigma : ;1.45104; volModel : ;0.222521; volQuote : ;0.2225;;;;;;;;;;;;;;;;;;;;;;;;;;;;;
sigma : ;1.45089; volModel : ;0.2225; volQuote : ;0.2225;;;;;;;;;;;;;;;;;;;;;;;;;;;;;
sigma : ;1.45089; volModel : ;0.2225; volQuote : ;0.2225;;;;;;;;;;;;;;;;;;;;;;;;;;;;;
 Criteria : ;StationaryFunctionValue;;;;;;;;;;;;;;;;;;;;;;;;;;;;;;;;;
 Root : ;[ 1.45089 ];;;;;;;;;;;;;;;;;;;;;;;;;;;;;;;;;
 Min Function Value : ;1.39E-16;;;;;;;;;;;;;;;;;;;;;;;;;;;;;;;;;
;;;;;;;;;;;;;;;;;;;;;;;;;;;;;;;;;;
m : ;0.4; skewModel : ;4.18995; skewQuote : ;-2.4;;;;;;;;;;;;;;;;;;;;;;;;;;;;;
m : ;0.4; skewModel : ;4.18995; skewQuote : ;-2.4;;;;;;;;;;;;;;;;;;;;;;;;;;;;;
m : ;0.40004; skewModel : ;4.19055; skewQuote : ;-2.4;;;;;;;;;;;;;;;;;;;;;;;;;;;;;
m : ;0.2; skewModel : ;1.07272; skewQuote : ;-2.4;;;;;;;;;;;;;;;;;;;;;;;;;;;;;
m : ;0.20002; skewModel : ;1.07304; skewQuote : ;-2.4;;;;;;;;;;;;;;;;;;;;;;;;;;;;;
m : ;0.120995; skewModel : ;-0.240125; skewQuote : ;-2.4;;;;;;;;;;;;;;;;;;;;;;;;;;;;;
m : ;0.121007; skewModel : ;-0.23992; skewQuote : ;-2.4;;;;;;;;;;;;;;;;;;;;;;;;;;;;;
m : ;0.105727; skewModel : ;-0.498976; skewQuote : ;-2.4;;;;;;;;;;;;;;;;;;;;;;;;;;;;;
m : ;0.105738; skewModel : ;-0.498796; skewQuote : ;-2.4;;;;;;;;;;;;;;;;;;;;;;;;;;;;;
m : ;0.0753856; skewModel : ;-1.01823; skewQuote : ;-2.4;;;;;;;;;;;;;;;;;;;;;;;;;;;;;
m : ;0.0753931; skewModel : ;-1.0181; skewQuote : ;-2.4;;;;;;;;;;;;;;;;;;;;;;;;;;;;;
m : ;0.0154417; skewModel : ;-2.06238; skewQuote : ;-2.4;;;;;;;;;;;;;;;;;;;;;;;;;;;;;
m : ;0.0154433; skewModel : ;-2.06235; skewQuote : ;-2.4;;;;;;;;;;;;;;;;;;;;;;;;;;;;;
m : ;0.00372329; skewModel : ;-2.26924; skewQuote : ;-2.4;;;;;;;;;;;;;;;;;;;;;;;;;;;;;
m : ;0.00372366; skewModel : ;-2.26923; skewQuote : ;-2.4;;;;;;;;;;;;;;;;;;;;;;;;;;;;;
m : ;0.00138947; skewModel : ;-2.31054; skewQuote : ;-2.4;;;;;;;;;;;;;;;;;;;;;;;;;;;;;
m : ;0.00138961; skewModel : ;-2.31054; skewQuote : ;-2.4;;;;;;;;;;;;;;;;;;;;;;;;;;;;;
m : ;0.000923089; skewModel : ;-2.3188; skewQuote : ;-2.4;;;;;;;;;;;;;;;;;;;;;;;;;;;;;
m : ;0.000923181; skewModel : ;-2.3188; skewQuote : ;-2.4;;;;;;;;;;;;;;;;;;;;;;;;;;;;;
m : ;0.000829829; skewModel : ;-2.32045; skewQuote : ;-2.4;;;;;;;;;;;;;;;;;;;;;;;;;;;;;
m : ;0.000829912; skewModel : ;-2.32045; skewQuote : ;-2.4;;;;;;;;;;;;;;;;;;;;;;;;;;;;;
m : ;0.00065075; skewModel : ;-2.32362; skewQuote : ;-2.4;;;;;;;;;;;;;;;;;;;;;;;;;;;;;
m : ;0.000650815; skewModel : ;-2.32362; skewQuote : ;-2.4;;;;;;;;;;;;;;;;;;;;;;;;;;;;;
m : ;0.000320073; skewModel : ;-2.32948; skewQuote : ;-2.4;;;;;;;;;;;;;;;;;;;;;;;;;;;;;
m : ;0.000320105; skewModel : ;-2.32948; skewQuote : ;-2.4;;;;;;;;;;;;;;;;;;;;;;;;;;;;;
m : ;0.000253945; skewModel : ;-2.33065; skewQuote : ;-2.4;;;;;;;;;;;;;;;;;;;;;;;;;;;;;
m : ;0.00025397; skewModel : ;-2.33065; skewQuote : ;-2.4;;;;;;;;;;;;;;;;;;;;;;;;;;;;;
m : ;0.000126014; skewModel : ;-2.33292; skewQuote : ;-2.4;;;;;;;;;;;;;;;;;;;;;;;;;;;;;
m : ;0.000126027; skewModel : ;-2.33292; skewQuote : ;-2.4;;;;;;;;;;;;;;;;;;;;;;;;;;;;;
m : ;0.000100601; skewModel : ;-2.33337; skewQuote : ;-2.4;;;;;;;;;;;;;;;;;;;;;;;;;;;;;
m : ;0.000100611; skewModel : ;-2.33337; skewQuote : ;-2.4;;;;;;;;;;;;;;;;;;;;;;;;;;;;;
m : ;5.05E-05; skewModel : ;-2.33425; skewQuote : ;-2.4;;;;;;;;;;;;;;;;;;;;;;;;;;;;;
m : ;5.05E-05; skewModel : ;-2.33425; skewQuote : ;-2.4;;;;;;;;;;;;;;;;;;;;;;;;;;;;;
m : ;4.05E-05; skewModel : ;-2.33443; skewQuote : ;-2.4;;;;;;;;;;;;;;;;;;;;;;;;;;;;;
m : ;4.05E-05; skewModel : ;-2.33443; skewQuote : ;-2.4;;;;;;;;;;;;;;;;;;;;;;;;;;;;;
m : ;2.06E-05; skewModel : ;-2.33478; skewQuote : ;-2.4;;;;;;;;;;;;;;;;;;;;;;;;;;;;;
m : ;2.06E-05; skewModel : ;-2.33478; skewQuote : ;-2.4;;;;;;;;;;;;;;;;;;;;;;;;;;;;;
m : ;1.66E-05; skewModel : ;-2.33485; skewQuote : ;-2.4;;;;;;;;;;;;;;;;;;;;;;;;;;;;;
m : ;1.66E-05; skewModel : ;-2.33485; skewQuote : ;-2.4;;;;;;;;;;;;;;;;;;;;;;;;;;;;;
m : ;8.65E-06; skewModel : ;-2.33499; skewQuote : ;-2.4;;;;;;;;;;;;;;;;;;;;;;;;;;;;;
m : ;8.65E-06; skewModel : ;-2.33499; skewQuote : ;-2.4;;;;;;;;;;;;;;;;;;;;;;;;;;;;;
m : ;7.06E-06; skewModel : ;-2.33502; skewQuote : ;-2.4;;;;;;;;;;;;;;;;;;;;;;;;;;;;;
m : ;7.06E-06; skewModel : ;-2.33502; skewQuote : ;-2.4;;;;;;;;;;;;;;;;;;;;;;;;;;;;;
m : ;3.89E-06; skewModel : ;-2.33508; skewQuote : ;-2.4;;;;;;;;;;;;;;;;;;;;;;;;;;;;;
m : ;3.89E-06; skewModel : ;-2.33508; skewQuote : ;-2.4;;;;;;;;;;;;;;;;;;;;;;;;;;;;;
m : ;3.26E-06; skewModel : ;-2.33509; skewQuote : ;-2.4;;;;;;;;;;;;;;;;;;;;;;;;;;;;;
m : ;3.26E-06; skewModel : ;-2.33509; skewQuote : ;-2.4;;;;;;;;;;;;;;;;;;;;;;;;;;;;;
m : ;1.99E-06; skewModel : ;-2.33511; skewQuote : ;-2.4;;;;;;;;;;;;;;;;;;;;;;;;;;;;;
m : ;1.99E-06; skewModel : ;-2.33511; skewQuote : ;-2.4;;;;;;;;;;;;;;;;;;;;;;;;;;;;;
m : ;1.74E-06; skewModel : ;-2.33512; skewQuote : ;-2.4;;;;;;;;;;;;;;;;;;;;;;;;;;;;;
m : ;1.74E-06; skewModel : ;-2.33512; skewQuote : ;-2.4;;;;;;;;;;;;;;;;;;;;;;;;;;;;;
m : ;1.23E-06; skewModel : ;-2.33513; skewQuote : ;-2.4;;;;;;;;;;;;;;;;;;;;;;;;;;;;;
m : ;1.23E-06; skewModel : ;-2.33513; skewQuote : ;-2.4;;;;;;;;;;;;;;;;;;;;;;;;;;;;;
m : ;2.19E-07; skewModel : ;-2.33514; skewQuote : ;-2.4;;;;;;;;;;;;;;;;;;;;;;;;;;;;;
m : ;2.19E-07; skewModel : ;-2.33514; skewQuote : ;-2.4;;;;;;;;;;;;;;;;;;;;;;;;;;;;;
m : ;1.62E-08; skewModel : ;-2.33515; skewQuote : ;-2.4;;;;;;;;;;;;;;;;;;;;;;;;;;;;;
m : ;1.62E-08; skewModel : ;-2.33515; skewQuote : ;-2.4;;;;;;;;;;;;;;;;;;;;;;;;;;;;;
m : ;1.26E-08; skewModel : ;-2.33515; skewQuote : ;-2.4;;;;;;;;;;;;;;;;;;;;;;;;;;;;;
m : ;1.26E-08; skewModel : ;-2.33515; skewQuote : ;-2.4;;;;;;;;;;;;;;;;;;;;;;;;;;;;;
 Criteria : ;StationaryFunctionValue;;;;;;;;;;;;;;;;;;;;;;;;;;;;;;;;;
 Root : ;[ 1.25506e-008 ];;;;;;;;;;;;;;;;;;;;;;;;;;;;;;;;;
 Min Function Value : ;0.0648521;;;;;;;;;;;;;;;;;;;;;;;;;;;;;;;;;
;;;;;;;;;;;;;;;;;;;;;;;;;;;;;;;;;;
sigma : ;1.45089; volModel : ;0.201709; volQuote : ;0.2225;;;;;;;;;;;;;;;;;;;;;;;;;;;;;
sigma : ;1.45089; volModel : ;0.201709; volQuote : ;0.2225;;;;;;;;;;;;;;;;;;;;;;;;;;;;;
sigma : ;1.45104; volModel : ;0.201729; volQuote : ;0.2225;;;;;;;;;;;;;;;;;;;;;;;;;;;;;
sigma : ;1.59999; volModel : ;0.22251; volQuote : ;0.2225;;;;;;;;;;;;;;;;;;;;;;;;;;;;;
sigma : ;1.60015; volModel : ;0.222532; volQuote : ;0.2225;;;;;;;;;;;;;;;;;;;;;;;;;;;;;
sigma : ;1.59992; volModel : ;0.2225; volQuote : ;0.2225;;;;;;;;;;;;;;;;;;;;;;;;;;;;;
sigma : ;1.60008; volModel : ;0.222522; volQuote : ;0.2225;;;;;;;;;;;;;;;;;;;;;;;;;;;;;
sigma : ;1.59992; volModel : ;0.2225; volQuote : ;0.2225;;;;;;;;;;;;;;;;;;;;;;;;;;;;;
sigma : ;1.59992; volModel : ;0.2225; volQuote : ;0.2225;;;;;;;;;;;;;;;;;;;;;;;;;;;;;
 Criteria : ;StationaryFunctionValue;;;;;;;;;;;;;;;;;;;;;;;;;;;;;;;;;
 Root : ;[ 1.59992 ];;;;;;;;;;;;;;;;;;;;;;;;;;;;;;;;;
 Min Function Value : ;1.11E-16;;;;;;;;;;;;;;;;;;;;;;;;;;;;;;;;;
;;;;;;;;;;;;;;;;;;;;;;;;;;;;;;;;;;
m : ;1.26E-08; skewModel : ;-2.57773; skewQuote : ;-2.4;;;;;;;;;;;;;;;;;;;;;;;;;;;;;
m : ;1.26E-08; skewModel : ;-2.57773; skewQuote : ;-2.4;;;;;;;;;;;;;;;;;;;;;;;;;;;;;
m : ;1.26E-08; skewModel : ;-2.57773; skewQuote : ;-2.4;;;;;;;;;;;;;;;;;;;;;;;;;;;;;
m : ;2.51E-08; skewModel : ;-2.57773; skewQuote : ;-2.4;;;;;;;;;;;;;;;;;;;;;;;;;;;;;
m : ;2.51E-08; skewModel : ;-2.57773; skewQuote : ;-2.4;;;;;;;;;;;;;;;;;;;;;;;;;;;;;
 Criteria : ;StationaryFunctionValue;;;;;;;;;;;;;;;;;;;;;;;;;;;;;;;;;
 Root : ;[ 2.51013e-008 ];;;;;;;;;;;;;;;;;;;;;;;;;;;;;;;;;
 Min Function Value : ;0.177727;;;;;;;;;;;;;;;;;;;;;;;;;;;;;;;;;
;;;;;;;;;;;;;;;;;;;;;;;;;;;;;;;;;;
sigma : ;1.59992; volModel : ;0.2225; volQuote : ;0.2225;;;;;;;;;;;;;;;;;;;;;;;;;;;;;
sigma : ;1.59992; volModel : ;0.2225; volQuote : ;0.2225;;;;;;;;;;;;;;;;;;;;;;;;;;;;;
sigma : ;1.60008; volModel : ;0.222522; volQuote : ;0.2225;;;;;;;;;;;;;;;;;;;;;;;;;;;;;
sigma : ;1.59992; volModel : ;0.2225; volQuote : ;0.2225;;;;;;;;;;;;;;;;;;;;;;;;;;;;;
sigma : ;1.59992; volModel : ;0.2225; volQuote : ;0.2225;;;;;;;;;;;;;;;;;;;;;;;;;;;;;
 Criteria : ;StationaryFunctionValue;;;;;;;;;;;;;;;;;;;;;;;;;;;;;;;;;
 Root : ;[ 1.59992 ];;;;;;;;;;;;;;;;;;;;;;;;;;;;;;;;;
 Min Function Value : ;3.89E-16;;;;;;;;;;;;;;;;;;;;;;;;;;;;;;;;;
;;;;;;;;;;;;;;;;;;;;;;;;;;;;;;;;;;
 ; vol ATM - 5bp ; vol ATM ; vol ATM + 5bp ;;;;;;;;;;;;;;;;;;;;;;;;;;;;;;;
STRIKE ;0.0382;0.0387;0.0392;;;;;;;;;;;;;;;;;;;;;;;;;;;;;;;
VOL MODEL ;0.2238;0.2225;0.221223;;;;;;;;;;;;;;;;;;;;;;;;;;;;;;;
VOL MARKET ;0.2237;0.2225;0.2213;;;;;;;;;;;;;;;;;;;;;;;;;;;;;;;
;;;;;;;;;;;;;;;;;;;;;;;;;;;;;;;;;;
;;;;;;;;;;;;;;;;;;;;;;;;;;;;;;;;;;
------ Calibration sur la swaption 2Y8Y -------;;;;;;;;;;;;;;;;;;;;;;;;;;;;;;;;;;
;;;;;;;;;;;;;;;;;;;;;;;;;;;;;;;;;;
sigma : ;0.2; volModel : ;0.13958; volQuote : ;0.2085;;;;;;;;;;;;;;;;;;;;;;;;;;;;;
sigma : ;0.2; volModel : ;0.13958; volQuote : ;0.2085;;;;;;;;;;;;;;;;;;;;;;;;;;;;;
sigma : ;0.20002; volModel : ;0.13958; volQuote : ;0.2085;;;;;;;;;;;;;;;;;;;;;;;;;;;;;
sigma : ;0.4; volModel : ;0.149137; volQuote : ;0.2085;;;;;;;;;;;;;;;;;;;;;;;;;;;;;
sigma : ;0.40004; volModel : ;0.14914; volQuote : ;0.2085;;;;;;;;;;;;;;;;;;;;;;;;;;;;;
sigma : ;0.616336; volModel : ;0.165; volQuote : ;0.2085;;;;;;;;;;;;;;;;;;;;;;;;;;;;;
sigma : ;0.616397; volModel : ;0.165005; volQuote : ;0.2085;;;;;;;;;;;;;;;;;;;;;;;;;;;;;
sigma : ;0.932182; volModel : ;0.195108; volQuote : ;0.2085;;;;;;;;;;;;;;;;;;;;;;;;;;;;;
sigma : ;0.932276; volModel : ;0.195118; volQuote : ;0.2085;;;;;;;;;;;;;;;;;;;;;;;;;;;;;
sigma : ;1.06032; volModel : ;0.208844; volQuote : ;0.2085;;;;;;;;;;;;;;;;;;;;;;;;;;;;;
sigma : ;1.06043; volModel : ;0.208855; volQuote : ;0.2085;;;;;;;;;;;;;;;;;;;;;;;;;;;;;
sigma : ;1.05718; volModel : ;0.2085; volQuote : ;0.2085;;;;;;;;;;;;;;;;;;;;;;;;;;;;;
sigma : ;1.05729; volModel : ;0.208512; volQuote : ;0.2085;;;;;;;;;;;;;;;;;;;;;;;;;;;;;
sigma : ;1.05718; volModel : ;0.2085; volQuote : ;0.2085;;;;;;;;;;;;;;;;;;;;;;;;;;;;;
sigma : ;1.05729; volModel : ;0.208512; volQuote : ;0.2085;;;;;;;;;;;;;;;;;;;;;;;;;;;;;
sigma : ;1.05718; volModel : ;0.2085; volQuote : ;0.2085;;;;;;;;;;;;;;;;;;;;;;;;;;;;;
sigma : ;1.05718; volModel : ;0.2085; volQuote : ;0.2085;;;;;;;;;;;;;;;;;;;;;;;;;;;;;
 Criteria : ;StationaryFunctionValue;;;;;;;;;;;;;;;;;;;;;;;;;;;;;;;;;
 Root : ;[ 1.05718 ];;;;;;;;;;;;;;;;;;;;;;;;;;;;;;;;;
 Min Function Value : ;1.67E-16;;;;;;;;;;;;;;;;;;;;;;;;;;;;;;;;;
;;;;;;;;;;;;;;;;;;;;;;;;;;;;;;;;;;
m : ;0.4; skewModel : ;1.49621; skewQuote : ;-2.6;;;;;;;;;;;;;;;;;;;;;;;;;;;;;
m : ;0.4; skewModel : ;1.49621; skewQuote : ;-2.6;;;;;;;;;;;;;;;;;;;;;;;;;;;;;
m : ;0.40004; skewModel : ;1.49654; skewQuote : ;-2.6;;;;;;;;;;;;;;;;;;;;;;;;;;;;;
m : ;0.2; skewModel : ;-0.205415; skewQuote : ;-2.6;;;;;;;;;;;;;;;;;;;;;;;;;;;;;
m : ;0.20002; skewModel : ;-0.205242; skewQuote : ;-2.6;;;;;;;;;;;;;;;;;;;;;;;;;;;;;
m : ;0.102273; skewModel : ;-1.04812; skewQuote : ;-2.6;;;;;;;;;;;;;;;;;;;;;;;;;;;;;
m : ;0.102283; skewModel : ;-1.04804; skewQuote : ;-2.6;;;;;;;;;;;;;;;;;;;;;;;;;;;;;
m : ;0.0777399; skewModel : ;-1.25735; skewQuote : ;-2.6;;;;;;;;;;;;;;;;;;;;;;;;;;;;;
m : ;0.0777477; skewModel : ;-1.25729; skewQuote : ;-2.6;;;;;;;;;;;;;;;;;;;;;;;;;;;;;
m : ;0.0286743; skewModel : ;-1.66965; skewQuote : ;-2.6;;;;;;;;;;;;;;;;;;;;;;;;;;;;;
m : ;0.0286771; skewModel : ;-1.66962; skewQuote : ;-2.6;;;;;;;;;;;;;;;;;;;;;;;;;;;;;
m : ;0.0188611; skewModel : ;-1.7508; skewQuote : ;-2.6;;;;;;;;;;;;;;;;;;;;;;;;;;;;;
m : ;0.018863; skewModel : ;-1.75079; skewQuote : ;-2.6;;;;;;;;;;;;;;;;;;;;;;;;;;;;;
m : ;0.0168985; skewModel : ;-1.76697; skewQuote : ;-2.6;;;;;;;;;;;;;;;;;;;;;;;;;;;;;
m : ;0.0169002; skewModel : ;-1.76696; skewQuote : ;-2.6;;;;;;;;;;;;;;;;;;;;;;;;;;;;;
m : ;0.0131198; skewModel : ;-1.79804; skewQuote : ;-2.6;;;;;;;;;;;;;;;;;;;;;;;;;;;;;
m : ;0.0131212; skewModel : ;-1.79803; skewQuote : ;-2.6;;;;;;;;;;;;;;;;;;;;;;;;;;;;;
m : ;0.00610535; skewModel : ;-1.8555; skewQuote : ;-2.6;;;;;;;;;;;;;;;;;;;;;;;;;;;;;
m : ;0.00610596; skewModel : ;-1.8555; skewQuote : ;-2.6;;;;;;;;;;;;;;;;;;;;;;;;;;;;;
m : ;0.00470245; skewModel : ;-1.86696; skewQuote : ;-2.6;;;;;;;;;;;;;;;;;;;;;;;;;;;;;
m : ;0.00470292; skewModel : ;-1.86695; skewQuote : ;-2.6;;;;;;;;;;;;;;;;;;;;;;;;;;;;;
m : ;0.00198165; skewModel : ;-1.88914; skewQuote : ;-2.6;;;;;;;;;;;;;;;;;;;;;;;;;;;;;
m : ;0.00198185; skewModel : ;-1.88914; skewQuote : ;-2.6;;;;;;;;;;;;;;;;;;;;;;;;;;;;;
m : ;0.00144086; skewModel : ;-1.89355; skewQuote : ;-2.6;;;;;;;;;;;;;;;;;;;;;;;;;;;;;
m : ;0.00144101; skewModel : ;-1.89355; skewQuote : ;-2.6;;;;;;;;;;;;;;;;;;;;;;;;;;;;;
m : ;0.000372601; skewModel : ;-1.90224; skewQuote : ;-2.6;;;;;;;;;;;;;;;;;;;;;;;;;;;;;
m : ;0.000372638; skewModel : ;-1.90224; skewQuote : ;-2.6;;;;;;;;;;;;;;;;;;;;;;;;;;;;;
m : ;0.00015948; skewModel : ;-1.90397; skewQuote : ;-2.6;;;;;;;;;;;;;;;;;;;;;;;;;;;;;
m : ;0.000159496; skewModel : ;-1.90397; skewQuote : ;-2.6;;;;;;;;;;;;;;;;;;;;;;;;;;;;;
m : ;0.000116877; skewModel : ;-1.90432; skewQuote : ;-2.6;;;;;;;;;;;;;;;;;;;;;;;;;;;;;
m : ;0.000116889; skewModel : ;-1.90432; skewQuote : ;-2.6;;;;;;;;;;;;;;;;;;;;;;;;;;;;;
m : ;3.18E-05; skewModel : ;-1.90501; skewQuote : ;-2.6;;;;;;;;;;;;;;;;;;;;;;;;;;;;;
m : ;3.18E-05; skewModel : ;-1.90501; skewQuote : ;-2.6;;;;;;;;;;;;;;;;;;;;;;;;;;;;;
m : ;1.47E-05; skewModel : ;-1.90515; skewQuote : ;-2.6;;;;;;;;;;;;;;;;;;;;;;;;;;;;;
m : ;1.47E-05; skewModel : ;-1.90515; skewQuote : ;-2.6;;;;;;;;;;;;;;;;;;;;;;;;;;;;;
m : ;1.13E-05; skewModel : ;-1.90518; skewQuote : ;-2.6;;;;;;;;;;;;;;;;;;;;;;;;;;;;;
m : ;1.13E-05; skewModel : ;-1.90518; skewQuote : ;-2.6;;;;;;;;;;;;;;;;;;;;;;;;;;;;;
 Criteria : ;StationaryFunctionValue;;;;;;;;;;;;;;;;;;;;;;;;;;;;;;;;;
 Root : ;[ 1.13295e-005 ];;;;;;;;;;;;;;;;;;;;;;;;;;;;;;;;;
 Min Function Value : ;0.694822;;;;;;;;;;;;;;;;;;;;;;;;;;;;;;;;;
;;;;;;;;;;;;;;;;;;;;;;;;;;;;;;;;;;
sigma : ;1.05718; volModel : ;0.171869; volQuote : ;0.2085;;;;;;;;;;;;;;;;;;;;;;;;;;;;;
sigma : ;1.05718; volModel : ;0.171869; volQuote : ;0.2085;;;;;;;;;;;;;;;;;;;;;;;;;;;;;
sigma : ;1.05729; volModel : ;0.171876; volQuote : ;0.2085;;;;;;;;;;;;;;;;;;;;;;;;;;;;;
sigma : ;1.66207; volModel : ;0.213943; volQuote : ;0.2085;;;;;;;;;;;;;;;;;;;;;;;;;;;;;
sigma : ;1.66223; volModel : ;0.213956; volQuote : ;0.2085;;;;;;;;;;;;;;;;;;;;;;;;;;;;;
sigma : ;1.59124; volModel : ;0.20855; volQuote : ;0.2085;;;;;;;;;;;;;;;;;;;;;;;;;;;;;
sigma : ;1.5914; volModel : ;0.208562; volQuote : ;0.2085;;;;;;;;;;;;;;;;;;;;;;;;;;;;;
sigma : ;1.59058; volModel : ;0.2085; volQuote : ;0.2085;;;;;;;;;;;;;;;;;;;;;;;;;;;;;
sigma : ;1.59074; volModel : ;0.208512; volQuote : ;0.2085;;;;;;;;;;;;;;;;;;;;;;;;;;;;;
sigma : ;1.59058; volModel : ;0.2085; volQuote : ;0.2085;;;;;;;;;;;;;;;;;;;;;;;;;;;;;
sigma : ;1.59074; volModel : ;0.208512; volQuote : ;0.2085;;;;;;;;;;;;;;;;;;;;;;;;;;;;;
sigma : ;1.59058; volModel : ;0.2085; volQuote : ;0.2085;;;;;;;;;;;;;;;;;;;;;;;;;;;;;
sigma : ;1.59058; volModel : ;0.2085; volQuote : ;0.2085;;;;;;;;;;;;;;;;;;;;;;;;;;;;;
 Criteria : ;StationaryFunctionValue;;;;;;;;;;;;;;;;;;;;;;;;;;;;;;;;;
 Root : ;[ 1.59058 ];;;;;;;;;;;;;;;;;;;;;;;;;;;;;;;;;
 Min Function Value : ;2.36E-15;;;;;;;;;;;;;;;;;;;;;;;;;;;;;;;;;
;;;;;;;;;;;;;;;;;;;;;;;;;;;;;;;;;;
m : ;1.13E-05; skewModel : ;-2.31655; skewQuote : ;-2.6;;;;;;;;;;;;;;;;;;;;;;;;;;;;;
m : ;1.13E-05; skewModel : ;-2.31655; skewQuote : ;-2.6;;;;;;;;;;;;;;;;;;;;;;;;;;;;;
m : ;1.13E-05; skewModel : ;-2.31655; skewQuote : ;-2.6;;;;;;;;;;;;;;;;;;;;;;;;;;;;;
m : ;5.66E-06; skewModel : ;-2.31663; skewQuote : ;-2.6;;;;;;;;;;;;;;;;;;;;;;;;;;;;;
m : ;5.67E-06; skewModel : ;-2.31663; skewQuote : ;-2.6;;;;;;;;;;;;;;;;;;;;;;;;;;;;;
m : ;1.89E-06; skewModel : ;-2.31668; skewQuote : ;-2.6;;;;;;;;;;;;;;;;;;;;;;;;;;;;;
m : ;1.89E-06; skewModel : ;-2.31668; skewQuote : ;-2.6;;;;;;;;;;;;;;;;;;;;;;;;;;;;;
m : ;2.13E-07; skewModel : ;-2.3167; skewQuote : ;-2.6;;;;;;;;;;;;;;;;;;;;;;;;;;;;;
m : ;2.13E-07; skewModel : ;-2.3167; skewQuote : ;-2.6;;;;;;;;;;;;;;;;;;;;;;;;;;;;;
m : ;1.75E-07; skewModel : ;-2.3167; skewQuote : ;-2.6;;;;;;;;;;;;;;;;;;;;;;;;;;;;;
m : ;1.75E-07; skewModel : ;-2.3167; skewQuote : ;-2.6;;;;;;;;;;;;;;;;;;;;;;;;;;;;;
 Criteria : ;StationaryFunctionValue;;;;;;;;;;;;;;;;;;;;;;;;;;;;;;;;;
 Root : ;[ 1.74725e-007 ];;;;;;;;;;;;;;;;;;;;;;;;;;;;;;;;;
 Min Function Value : ;0.283302;;;;;;;;;;;;;;;;;;;;;;;;;;;;;;;;;
;;;;;;;;;;;;;;;;;;;;;;;;;;;;;;;;;;
sigma : ;1.59058; volModel : ;0.208498; volQuote : ;0.2085;;;;;;;;;;;;;;;;;;;;;;;;;;;;;
sigma : ;1.59058; volModel : ;0.208498; volQuote : ;0.2085;;;;;;;;;;;;;;;;;;;;;;;;;;;;;
sigma : ;1.59074; volModel : ;0.20851; volQuote : ;0.2085;;;;;;;;;;;;;;;;;;;;;;;;;;;;;
sigma : ;1.5906; volModel : ;0.2085; volQuote : ;0.2085;;;;;;;;;;;;;;;;;;;;;;;;;;;;;
sigma : ;1.59076; volModel : ;0.208512; volQuote : ;0.2085;;;;;;;;;;;;;;;;;;;;;;;;;;;;;
sigma : ;1.5906; volModel : ;0.2085; volQuote : ;0.2085;;;;;;;;;;;;;;;;;;;;;;;;;;;;;
sigma : ;1.5906; volModel : ;0.2085; volQuote : ;0.2085;;;;;;;;;;;;;;;;;;;;;;;;;;;;;
 Criteria : ;StationaryFunctionValue;;;;;;;;;;;;;;;;;;;;;;;;;;;;;;;;;
 Root : ;[ 1.5906 ];;;;;;;;;;;;;;;;;;;;;;;;;;;;;;;;;
 Min Function Value : ;1.53E-15;;;;;;;;;;;;;;;;;;;;;;;;;;;;;;;;;
;;;;;;;;;;;;;;;;;;;;;;;;;;;;;;;;;;
 ; vol ATM - 5bp ; vol ATM ; vol ATM + 5bp ;;;;;;;;;;;;;;;;;;;;;;;;;;;;;;;
STRIKE ;0.0404;0.0409;0.0414;;;;;;;;;;;;;;;;;;;;;;;;;;;;;;;
VOL MODEL ;0.209668;0.2085;0.207351;;;;;;;;;;;;;;;;;;;;;;;;;;;;;;;
VOL MARKET ;0.2098;0.2085;0.2072;;;;;;;;;;;;;;;;;;;;;;;;;;;;;;;
;;;;;;;;;;;;;;;;;;;;;;;;;;;;;;;;;;
;;;;;;;;;;;;;;;;;;;;;;;;;;;;;;;;;;
------ Calibration sur la swaption 3Y7Y -------;;;;;;;;;;;;;;;;;;;;;;;;;;;;;;;;;;
;;;;;;;;;;;;;;;;;;;;;;;;;;;;;;;;;;
sigma : ;0.2; volModel : ;0.152625; volQuote : ;0.189;;;;;;;;;;;;;;;;;;;;;;;;;;;;;
sigma : ;0.2; volModel : ;0.152625; volQuote : ;0.189;;;;;;;;;;;;;;;;;;;;;;;;;;;;;
sigma : ;0.20002; volModel : ;0.152626; volQuote : ;0.189;;;;;;;;;;;;;;;;;;;;;;;;;;;;;
sigma : ;0.4; volModel : ;0.160691; volQuote : ;0.189;;;;;;;;;;;;;;;;;;;;;;;;;;;;;
sigma : ;0.40004; volModel : ;0.160693; volQuote : ;0.189;;;;;;;;;;;;;;;;;;;;;;;;;;;;;
sigma : ;0.613289; volModel : ;0.174076; volQuote : ;0.189;;;;;;;;;;;;;;;;;;;;;;;;;;;;;
sigma : ;0.613351; volModel : ;0.17408; volQuote : ;0.189;;;;;;;;;;;;;;;;;;;;;;;;;;;;;
sigma : ;0.819384; volModel : ;0.19055; volQuote : ;0.189;;;;;;;;;;;;;;;;;;;;;;;;;;;;;
sigma : ;0.819466; volModel : ;0.190557; volQuote : ;0.189;;;;;;;;;;;;;;;;;;;;;;;;;;;;;
sigma : ;0.801493; volModel : ;0.189009; volQuote : ;0.189;;;;;;;;;;;;;;;;;;;;;;;;;;;;;
sigma : ;0.801573; volModel : ;0.189016; volQuote : ;0.189;;;;;;;;;;;;;;;;;;;;;;;;;;;;;
sigma : ;0.801383; volModel : ;0.189; volQuote : ;0.189;;;;;;;;;;;;;;;;;;;;;;;;;;;;;
sigma : ;0.801463; volModel : ;0.189007; volQuote : ;0.189;;;;;;;;;;;;;;;;;;;;;;;;;;;;;
sigma : ;0.801383; volModel : ;0.189; volQuote : ;0.189;;;;;;;;;;;;;;;;;;;;;;;;;;;;;
sigma : ;0.801463; volModel : ;0.189007; volQuote : ;0.189;;;;;;;;;;;;;;;;;;;;;;;;;;;;;
sigma : ;0.801383; volModel : ;0.189; volQuote : ;0.189;;;;;;;;;;;;;;;;;;;;;;;;;;;;;
sigma : ;0.801383; volModel : ;0.189; volQuote : ;0.189;;;;;;;;;;;;;;;;;;;;;;;;;;;;;
 Criteria : ;StationaryFunctionValue;;;;;;;;;;;;;;;;;;;;;;;;;;;;;;;;;
 Root : ;[ 0.801383 ];;;;;;;;;;;;;;;;;;;;;;;;;;;;;;;;;
 Min Function Value : ;1.67E-16;;;;;;;;;;;;;;;;;;;;;;;;;;;;;;;;;
;;;;;;;;;;;;;;;;;;;;;;;;;;;;;;;;;;
m : ;0.4; skewModel : ;0.106585; skewQuote : ;-1.6;;;;;;;;;;;;;;;;;;;;;;;;;;;;;
m : ;0.4; skewModel : ;0.106585; skewQuote : ;-1.6;;;;;;;;;;;;;;;;;;;;;;;;;;;;;
m : ;0.40004; skewModel : ;0.106797; skewQuote : ;-1.6;;;;;;;;;;;;;;;;;;;;;;;;;;;;;
m : ;0.0769638; skewModel : ;-1.47176; skewQuote : ;-1.6;;;;;;;;;;;;;;;;;;;;;;;;;;;;;
m : ;0.0769715; skewModel : ;-1.47173; skewQuote : ;-1.6;;;;;;;;;;;;;;;;;;;;;;;;;;;;;
m : ;0.0458697; skewModel : ;-1.59625; skewQuote : ;-1.6;;;;;;;;;;;;;;;;;;;;;;;;;;;;;
m : ;0.0458743; skewModel : ;-1.59624; skewQuote : ;-1.6;;;;;;;;;;;;;;;;;;;;;;;;;;;;;
m : ;0.0449039; skewModel : ;-1.6; skewQuote : ;-1.6;;;;;;;;;;;;;;;;;;;;;;;;;;;;;
m : ;0.0449084; skewModel : ;-1.59998; skewQuote : ;-1.6;;;;;;;;;;;;;;;;;;;;;;;;;;;;;
m : ;0.0449029; skewModel : ;-1.6; skewQuote : ;-1.6;;;;;;;;;;;;;;;;;;;;;;;;;;;;;
m : ;0.0449074; skewModel : ;-1.59998; skewQuote : ;-1.6;;;;;;;;;;;;;;;;;;;;;;;;;;;;;
m : ;0.0449029; skewModel : ;-1.6; skewQuote : ;-1.6;;;;;;;;;;;;;;;;;;;;;;;;;;;;;
m : ;0.0449029; skewModel : ;-1.6; skewQuote : ;-1.6;;;;;;;;;;;;;;;;;;;;;;;;;;;;;
 Criteria : ;StationaryFunctionValue;;;;;;;;;;;;;;;;;;;;;;;;;;;;;;;;;
 Root : ;[ 0.0449029 ];;;;;;;;;;;;;;;;;;;;;;;;;;;;;;;;;
 Min Function Value : ;8.59E-13;;;;;;;;;;;;;;;;;;;;;;;;;;;;;;;;;
;;;;;;;;;;;;;;;;;;;;;;;;;;;;;;;;;;
sigma : ;0.801383; volModel : ;0.166085; volQuote : ;0.189;;;;;;;;;;;;;;;;;;;;;;;;;;;;;
sigma : ;0.801383; volModel : ;0.166085; volQuote : ;0.189;;;;;;;;;;;;;;;;;;;;;;;;;;;;;
sigma : ;0.801463; volModel : ;0.166088; volQuote : ;0.189;;;;;;;;;;;;;;;;;;;;;;;;;;;;;
sigma : ;1.39464; volModel : ;0.194982; volQuote : ;0.189;;;;;;;;;;;;;;;;;;;;;;;;;;;;;
sigma : ;1.39478; volModel : ;0.19499; volQuote : ;0.189;;;;;;;;;;;;;;;;;;;;;;;;;;;;;
sigma : ;1.29027; volModel : ;0.189137; volQuote : ;0.189;;;;;;;;;;;;;;;;;;;;;;;;;;;;;
sigma : ;1.2904; volModel : ;0.189144; volQuote : ;0.189;;;;;;;;;;;;;;;;;;;;;;;;;;;;;
sigma : ;1.28776; volModel : ;0.189; volQuote : ;0.189;;;;;;;;;;;;;;;;;;;;;;;;;;;;;
sigma : ;1.28789; volModel : ;0.189007; volQuote : ;0.189;;;;;;;;;;;;;;;;;;;;;;;;;;;;;
sigma : ;1.28776; volModel : ;0.189; volQuote : ;0.189;;;;;;;;;;;;;;;;;;;;;;;;;;;;;
sigma : ;1.28789; volModel : ;0.189007; volQuote : ;0.189;;;;;;;;;;;;;;;;;;;;;;;;;;;;;
sigma : ;1.28776; volModel : ;0.189; volQuote : ;0.189;;;;;;;;;;;;;;;;;;;;;;;;;;;;;
sigma : ;1.28776; volModel : ;0.189; volQuote : ;0.189;;;;;;;;;;;;;;;;;;;;;;;;;;;;;
 Criteria : ;StationaryFunctionValue;;;;;;;;;;;;;;;;;;;;;;;;;;;;;;;;;
 Root : ;[ 1.28776 ];;;;;;;;;;;;;;;;;;;;;;;;;;;;;;;;;
 Min Function Value : ;6.11E-16;;;;;;;;;;;;;;;;;;;;;;;;;;;;;;;;;
;;;;;;;;;;;;;;;;;;;;;;;;;;;;;;;;;;
m : ;0.0449029; skewModel : ;-1.65314; skewQuote : ;-1.6;;;;;;;;;;;;;;;;;;;;;;;;;;;;;
m : ;0.0449029; skewModel : ;-1.65314; skewQuote : ;-1.6;;;;;;;;;;;;;;;;;;;;;;;;;;;;;
m : ;0.0449074; skewModel : ;-1.6531; skewQuote : ;-1.6;;;;;;;;;;;;;;;;;;;;;;;;;;;;;
m : ;0.0519482; skewModel : ;-1.59981; skewQuote : ;-1.6;;;;;;;;;;;;;;;;;;;;;;;;;;;;;
m : ;0.0519534; skewModel : ;-1.59977; skewQuote : ;-1.6;;;;;;;;;;;;;;;;;;;;;;;;;;;;;
m : ;0.0519232; skewModel : ;-1.6; skewQuote : ;-1.6;;;;;;;;;;;;;;;;;;;;;;;;;;;;;
m : ;0.0519284; skewModel : ;-1.59996; skewQuote : ;-1.6;;;;;;;;;;;;;;;;;;;;;;;;;;;;;
m : ;0.0519232; skewModel : ;-1.6; skewQuote : ;-1.6;;;;;;;;;;;;;;;;;;;;;;;;;;;;;
m : ;0.0519284; skewModel : ;-1.59996; skewQuote : ;-1.6;;;;;;;;;;;;;;;;;;;;;;;;;;;;;
m : ;0.0519232; skewModel : ;-1.6; skewQuote : ;-1.6;;;;;;;;;;;;;;;;;;;;;;;;;;;;;
m : ;0.0519232; skewModel : ;-1.6; skewQuote : ;-1.6;;;;;;;;;;;;;;;;;;;;;;;;;;;;;
 Criteria : ;StationaryFunctionValue;;;;;;;;;;;;;;;;;;;;;;;;;;;;;;;;;
 Root : ;[ 0.0519232 ];;;;;;;;;;;;;;;;;;;;;;;;;;;;;;;;;
 Min Function Value : ;2.48E-13;;;;;;;;;;;;;;;;;;;;;;;;;;;;;;;;;
;;;;;;;;;;;;;;;;;;;;;;;;;;;;;;;;;;
sigma : ;1.28776; volModel : ;0.189862; volQuote : ;0.189;;;;;;;;;;;;;;;;;;;;;;;;;;;;;
sigma : ;1.28776; volModel : ;0.189862; volQuote : ;0.189;;;;;;;;;;;;;;;;;;;;;;;;;;;;;
sigma : ;1.28789; volModel : ;0.18987; volQuote : ;0.189;;;;;;;;;;;;;;;;;;;;;;;;;;;;;
sigma : ;1.27226; volModel : ;0.189003; volQuote : ;0.189;;;;;;;;;;;;;;;;;;;;;;;;;;;;;
sigma : ;1.27239; volModel : ;0.18901; volQuote : ;0.189;;;;;;;;;;;;;;;;;;;;;;;;;;;;;
sigma : ;1.2722; volModel : ;0.189; volQuote : ;0.189;;;;;;;;;;;;;;;;;;;;;;;;;;;;;
sigma : ;1.27233; volModel : ;0.189007; volQuote : ;0.189;;;;;;;;;;;;;;;;;;;;;;;;;;;;;
sigma : ;1.2722; volModel : ;0.189; volQuote : ;0.189;;;;;;;;;;;;;;;;;;;;;;;;;;;;;
sigma : ;1.2722; volModel : ;0.189; volQuote : ;0.189;;;;;;;;;;;;;;;;;;;;;;;;;;;;;
 Criteria : ;StationaryFunctionValue;;;;;;;;;;;;;;;;;;;;;;;;;;;;;;;;;
 Root : ;[ 1.2722 ];;;;;;;;;;;;;;;;;;;;;;;;;;;;;;;;;
 Min Function Value : ;4.83E-15;;;;;;;;;;;;;;;;;;;;;;;;;;;;;;;;;
;;;;;;;;;;;;;;;;;;;;;;;;;;;;;;;;;;
 ; vol ATM - 5bp ; vol ATM ; vol ATM + 5bp ;;;;;;;;;;;;;;;;;;;;;;;;;;;;;;;
STRIKE ;0.0421;0.0426;0.0431;;;;;;;;;;;;;;;;;;;;;;;;;;;;;;;
VOL MODEL ;0.189806;0.189;0.188208;;;;;;;;;;;;;;;;;;;;;;;;;;;;;;;
VOL MARKET ;0.1898;0.189;0.1882;;;;;;;;;;;;;;;;;;;;;;;;;;;;;;;
;;;;;;;;;;;;;;;;;;;;;;;;;;;;;;;;;;
;;;;;;;;;;;;;;;;;;;;;;;;;;;;;;;;;;
------ Calibration sur la swaption 4Y6Y -------;;;;;;;;;;;;;;;;;;;;;;;;;;;;;;;;;;
;;;;;;;;;;;;;;;;;;;;;;;;;;;;;;;;;;
sigma : ;0.2; volModel : ;0.147225; volQuote : ;0.174;;;;;;;;;;;;;;;;;;;;;;;;;;;;;
sigma : ;0.2; volModel : ;0.147225; volQuote : ;0.174;;;;;;;;;;;;;;;;;;;;;;;;;;;;;
sigma : ;0.20002; volModel : ;0.147225; volQuote : ;0.174;;;;;;;;;;;;;;;;;;;;;;;;;;;;;
sigma : ;0.4; volModel : ;0.155131; volQuote : ;0.174;;;;;;;;;;;;;;;;;;;;;;;;;;;;;
sigma : ;0.40004; volModel : ;0.155133; volQuote : ;0.174;;;;;;;;;;;;;;;;;;;;;;;;;;;;;
sigma : ;0.612978; volModel : ;0.168248; volQuote : ;0.174;;;;;;;;;;;;;;;;;;;;;;;;;;;;;
sigma : ;0.61304; volModel : ;0.168252; volQuote : ;0.174;;;;;;;;;;;;;;;;;;;;;;;;;;;;;
sigma : ;0.693874; volModel : ;0.174252; volQuote : ;0.174;;;;;;;;;;;;;;;;;;;;;;;;;;;;;
sigma : ;0.693944; volModel : ;0.174257; volQuote : ;0.174;;;;;;;;;;;;;;;;;;;;;;;;;;;;;
sigma : ;0.690615; volModel : ;0.174; volQuote : ;0.174;;;;;;;;;;;;;;;;;;;;;;;;;;;;;
sigma : ;0.690684; volModel : ;0.174006; volQuote : ;0.174;;;;;;;;;;;;;;;;;;;;;;;;;;;;;
sigma : ;0.69061; volModel : ;0.174; volQuote : ;0.174;;;;;;;;;;;;;;;;;;;;;;;;;;;;;
sigma : ;0.690679; volModel : ;0.174005; volQuote : ;0.174;;;;;;;;;;;;;;;;;;;;;;;;;;;;;
sigma : ;0.69061; volModel : ;0.174; volQuote : ;0.174;;;;;;;;;;;;;;;;;;;;;;;;;;;;;
sigma : ;0.69061; volModel : ;0.174; volQuote : ;0.174;;;;;;;;;;;;;;;;;;;;;;;;;;;;;
 Criteria : ;StationaryFunctionValue;;;;;;;;;;;;;;;;;;;;;;;;;;;;;;;;;
 Root : ;[ 0.69061 ];;;;;;;;;;;;;;;;;;;;;;;;;;;;;;;;;
 Min Function Value : ;4.44E-16;;;;;;;;;;;;;;;;;;;;;;;;;;;;;;;;;
;;;;;;;;;;;;;;;;;;;;;;;;;;;;;;;;;;
m : ;0.4; skewModel : ;-0.141821; skewQuote : ;-1.2;;;;;;;;;;;;;;;;;;;;;;;;;;;;;
m : ;0.4; skewModel : ;-0.141821; skewQuote : ;-1.2;;;;;;;;;;;;;;;;;;;;;;;;;;;;;
m : ;0.40004; skewModel : ;-0.14168; skewQuote : ;-1.2;;;;;;;;;;;;;;;;;;;;;;;;;;;;;
m : ;0.0996464; skewModel : ;-1.08312; skewQuote : ;-1.2;;;;;;;;;;;;;;;;;;;;;;;;;;;;;
m : ;0.0996564; skewModel : ;-1.08309; skewQuote : ;-1.2;;;;;;;;;;;;;;;;;;;;;;;;;;;;;
m : ;0.0530309; skewModel : ;-1.19318; skewQuote : ;-1.2;;;;;;;;;;;;;;;;;;;;;;;;;;;;;
m : ;0.0530362; skewModel : ;-1.19317; skewQuote : ;-1.2;;;;;;;;;;;;;;;;;;;;;;;;;;;;;
m : ;0.0499404; skewModel : ;-1.19997; skewQuote : ;-1.2;;;;;;;;;;;;;;;;;;;;;;;;;;;;;
m : ;0.0499454; skewModel : ;-1.19996; skewQuote : ;-1.2;;;;;;;;;;;;;;;;;;;;;;;;;;;;;
m : ;0.0499253; skewModel : ;-1.2; skewQuote : ;-1.2;;;;;;;;;;;;;;;;;;;;;;;;;;;;;
m : ;0.0499303; skewModel : ;-1.19999; skewQuote : ;-1.2;;;;;;;;;;;;;;;;;;;;;;;;;;;;;
m : ;0.0499253; skewModel : ;-1.2; skewQuote : ;-1.2;;;;;;;;;;;;;;;;;;;;;;;;;;;;;
m : ;0.0499303; skewModel : ;-1.19999; skewQuote : ;-1.2;;;;;;;;;;;;;;;;;;;;;;;;;;;;;
m : ;0.0499253; skewModel : ;-1.2; skewQuote : ;-1.2;;;;;;;;;;;;;;;;;;;;;;;;;;;;;
m : ;0.0499253; skewModel : ;-1.2; skewQuote : ;-1.2;;;;;;;;;;;;;;;;;;;;;;;;;;;;;
 Criteria : ;StationaryFunctionValue;;;;;;;;;;;;;;;;;;;;;;;;;;;;;;;;;
 Root : ;[ 0.0499253 ];;;;;;;;;;;;;;;;;;;;;;;;;;;;;;;;;
 Min Function Value : ;3.60E-13;;;;;;;;;;;;;;;;;;;;;;;;;;;;;;;;;
;;;;;;;;;;;;;;;;;;;;;;;;;;;;;;;;;;
sigma : ;0.69061; volModel : ;0.155224; volQuote : ;0.174;;;;;;;;;;;;;;;;;;;;;;;;;;;;;
sigma : ;0.69061; volModel : ;0.155224; volQuote : ;0.174;;;;;;;;;;;;;;;;;;;;;;;;;;;;;
sigma : ;0.690679; volModel : ;0.155226; volQuote : ;0.174;;;;;;;;;;;;;;;;;;;;;;;;;;;;;
sigma : ;1.31503; volModel : ;0.180459; volQuote : ;0.174;;;;;;;;;;;;;;;;;;;;;;;;;;;;;
sigma : ;1.31517; volModel : ;0.180465; volQuote : ;0.174;;;;;;;;;;;;;;;;;;;;;;;;;;;;;
sigma : ;1.18411; volModel : ;0.174215; volQuote : ;0.174;;;;;;;;;;;;;;;;;;;;;;;;;;;;;
sigma : ;1.18423; volModel : ;0.17422; volQuote : ;0.174;;;;;;;;;;;;;;;;;;;;;;;;;;;;;
sigma : ;1.17944; volModel : ;0.174; volQuote : ;0.174;;;;;;;;;;;;;;;;;;;;;;;;;;;;;
sigma : ;1.17955; volModel : ;0.174006; volQuote : ;0.174;;;;;;;;;;;;;;;;;;;;;;;;;;;;;
sigma : ;1.17943; volModel : ;0.174; volQuote : ;0.174;;;;;;;;;;;;;;;;;;;;;;;;;;;;;
sigma : ;1.17955; volModel : ;0.174005; volQuote : ;0.174;;;;;;;;;;;;;;;;;;;;;;;;;;;;;
sigma : ;1.17943; volModel : ;0.174; volQuote : ;0.174;;;;;;;;;;;;;;;;;;;;;;;;;;;;;
sigma : ;1.17943; volModel : ;0.174; volQuote : ;0.174;;;;;;;;;;;;;;;;;;;;;;;;;;;;;
 Criteria : ;StationaryFunctionValue;;;;;;;;;;;;;;;;;;;;;;;;;;;;;;;;;
 Root : ;[ 1.17943 ];;;;;;;;;;;;;;;;;;;;;;;;;;;;;;;;;
 Min Function Value : ;1.39E-16;;;;;;;;;;;;;;;;;;;;;;;;;;;;;;;;;
;;;;;;;;;;;;;;;;;;;;;;;;;;;;;;;;;;
m : ;0.0499253; skewModel : ;-1.30582; skewQuote : ;-1.2;;;;;;;;;;;;;;;;;;;;;;;;;;;;;
m : ;0.0499253; skewModel : ;-1.30582; skewQuote : ;-1.2;;;;;;;;;;;;;;;;;;;;;;;;;;;;;
m : ;0.0499303; skewModel : ;-1.30579; skewQuote : ;-1.2;;;;;;;;;;;;;;;;;;;;;;;;;;;;;
m : ;0.0710319; skewModel : ;-1.1981; skewQuote : ;-1.2;;;;;;;;;;;;;;;;;;;;;;;;;;;;;
m : ;0.071039; skewModel : ;-1.19806; skewQuote : ;-1.2;;;;;;;;;;;;;;;;;;;;;;;;;;;;;
m : ;0.0706659; skewModel : ;-1.2; skewQuote : ;-1.2;;;;;;;;;;;;;;;;;;;;;;;;;;;;;
m : ;0.070673; skewModel : ;-1.19996; skewQuote : ;-1.2;;;;;;;;;;;;;;;;;;;;;;;;;;;;;
m : ;0.0706658; skewModel : ;-1.2; skewQuote : ;-1.2;;;;;;;;;;;;;;;;;;;;;;;;;;;;;
m : ;0.0706729; skewModel : ;-1.19996; skewQuote : ;-1.2;;;;;;;;;;;;;;;;;;;;;;;;;;;;;
m : ;0.0706658; skewModel : ;-1.2; skewQuote : ;-1.2;;;;;;;;;;;;;;;;;;;;;;;;;;;;;
m : ;0.0706658; skewModel : ;-1.2; skewQuote : ;-1.2;;;;;;;;;;;;;;;;;;;;;;;;;;;;;
 Criteria : ;StationaryFunctionValue;;;;;;;;;;;;;;;;;;;;;;;;;;;;;;;;;
 Root : ;[ 0.0706658 ];;;;;;;;;;;;;;;;;;;;;;;;;;;;;;;;;
 Min Function Value : ;5.84E-13;;;;;;;;;;;;;;;;;;;;;;;;;;;;;;;;;
;;;;;;;;;;;;;;;;;;;;;;;;;;;;;;;;;;
sigma : ;1.17943; volModel : ;0.176327; volQuote : ;0.174;;;;;;;;;;;;;;;;;;;;;;;;;;;;;
sigma : ;1.17943; volModel : ;0.176327; volQuote : ;0.174;;;;;;;;;;;;;;;;;;;;;;;;;;;;;
sigma : ;1.17955; volModel : ;0.176333; volQuote : ;0.174;;;;;;;;;;;;;;;;;;;;;;;;;;;;;
sigma : ;1.13207; volModel : ;0.174032; volQuote : ;0.174;;;;;;;;;;;;;;;;;;;;;;;;;;;;;
sigma : ;1.13219; volModel : ;0.174037; volQuote : ;0.174;;;;;;;;;;;;;;;;;;;;;;;;;;;;;
sigma : ;1.13141; volModel : ;0.174; volQuote : ;0.174;;;;;;;;;;;;;;;;;;;;;;;;;;;;;
sigma : ;1.13152; volModel : ;0.174005; volQuote : ;0.174;;;;;;;;;;;;;;;;;;;;;;;;;;;;;
sigma : ;1.13141; volModel : ;0.174; volQuote : ;0.174;;;;;;;;;;;;;;;;;;;;;;;;;;;;;
sigma : ;1.13152; volModel : ;0.174005; volQuote : ;0.174;;;;;;;;;;;;;;;;;;;;;;;;;;;;;
sigma : ;1.13141; volModel : ;0.174; volQuote : ;0.174;;;;;;;;;;;;;;;;;;;;;;;;;;;;;
sigma : ;1.13141; volModel : ;0.174; volQuote : ;0.174;;;;;;;;;;;;;;;;;;;;;;;;;;;;;
 Criteria : ;StationaryFunctionValue;;;;;;;;;;;;;;;;;;;;;;;;;;;;;;;;;
 Root : ;[ 1.13141 ];;;;;;;;;;;;;;;;;;;;;;;;;;;;;;;;;
 Min Function Value : ;5.55E-17;;;;;;;;;;;;;;;;;;;;;;;;;;;;;;;;;
;;;;;;;;;;;;;;;;;;;;;;;;;;;;;;;;;;
 ; vol ATM - 5bp ; vol ATM ; vol ATM + 5bp ;;;;;;;;;;;;;;;;;;;;;;;;;;;;;;;
STRIKE ;0.0436;0.0441;0.0446;;;;;;;;;;;;;;;;;;;;;;;;;;;;;;;
VOL MODEL ;0.174601;0.174;0.173409;;;;;;;;;;;;;;;;;;;;;;;;;;;;;;;
VOL MARKET ;0.1746;0.174;0.1734;;;;;;;;;;;;;;;;;;;;;;;;;;;;;;;
;;;;;;;;;;;;;;;;;;;;;;;;;;;;;;;;;;
;;;;;;;;;;;;;;;;;;;;;;;;;;;;;;;;;;
------ Calibration sur la swaption 5Y5Y -------;;;;;;;;;;;;;;;;;;;;;;;;;;;;;;;;;;
;;;;;;;;;;;;;;;;;;;;;;;;;;;;;;;;;;
sigma : ;0.2; volModel : ;0.141571; volQuote : ;0.16;;;;;;;;;;;;;;;;;;;;;;;;;;;;;
sigma : ;0.2; volModel : ;0.141571; volQuote : ;0.16;;;;;;;;;;;;;;;;;;;;;;;;;;;;;
sigma : ;0.20002; volModel : ;0.141572; volQuote : ;0.16;;;;;;;;;;;;;;;;;;;;;;;;;;;;;
sigma : ;0.4; volModel : ;0.149873; volQuote : ;0.16;;;;;;;;;;;;;;;;;;;;;;;;;;;;;
sigma : ;0.40004; volModel : ;0.149875; volQuote : ;0.16;;;;;;;;;;;;;;;;;;;;;;;;;;;;;
sigma : ;0.588962; volModel : ;0.161841; volQuote : ;0.16;;;;;;;;;;;;;;;;;;;;;;;;;;;;;
sigma : ;0.589021; volModel : ;0.161846; volQuote : ;0.16;;;;;;;;;;;;;;;;;;;;;;;;;;;;;
sigma : ;0.563478; volModel : ;0.160028; volQuote : ;0.16;;;;;;;;;;;;;;;;;;;;;;;;;;;;;
sigma : ;0.563535; volModel : ;0.160032; volQuote : ;0.16;;;;;;;;;;;;;;;;;;;;;;;;;;;;;
sigma : ;0.563075; volModel : ;0.16; volQuote : ;0.16;;;;;;;;;;;;;;;;;;;;;;;;;;;;;
sigma : ;0.563131; volModel : ;0.160004; volQuote : ;0.16;;;;;;;;;;;;;;;;;;;;;;;;;;;;;
sigma : ;0.563075; volModel : ;0.16; volQuote : ;0.16;;;;;;;;;;;;;;;;;;;;;;;;;;;;;
sigma : ;0.563131; volModel : ;0.160004; volQuote : ;0.16;;;;;;;;;;;;;;;;;;;;;;;;;;;;;
sigma : ;0.563075; volModel : ;0.16; volQuote : ;0.16;;;;;;;;;;;;;;;;;;;;;;;;;;;;;
sigma : ;0.563075; volModel : ;0.16; volQuote : ;0.16;;;;;;;;;;;;;;;;;;;;;;;;;;;;;
 Criteria : ;StationaryFunctionValue;;;;;;;;;;;;;;;;;;;;;;;;;;;;;;;;;
 Root : ;[ 0.563075 ];;;;;;;;;;;;;;;;;;;;;;;;;;;;;;;;;
 Min Function Value : ;1.11E-16;;;;;;;;;;;;;;;;;;;;;;;;;;;;;;;;;
;;;;;;;;;;;;;;;;;;;;;;;;;;;;;;;;;;
m : ;0.4; skewModel : ;-0.319208; skewQuote : ;-1.8;;;;;;;;;;;;;;;;;;;;;;;;;;;;;
m : ;0.4; skewModel : ;-0.319208; skewQuote : ;-1.8;;;;;;;;;;;;;;;;;;;;;;;;;;;;;
m : ;0.40004; skewModel : ;-0.319119; skewQuote : ;-1.8;;;;;;;;;;;;;;;;;;;;;;;;;;;;;
m : ;0.2; skewModel : ;-0.722735; skewQuote : ;-1.8;;;;;;;;;;;;;;;;;;;;;;;;;;;;;
m : ;0.20002; skewModel : ;-0.7227; skewQuote : ;-1.8;;;;;;;;;;;;;;;;;;;;;;;;;;;;;
m : ;0.0812579; skewModel : ;-0.903751; skewQuote : ;-1.8;;;;;;;;;;;;;;;;;;;;;;;;;;;;;
m : ;0.081266; skewModel : ;-0.903741; skewQuote : ;-1.8;;;;;;;;;;;;;;;;;;;;;;;;;;;;;
m : ;0.0479527; skewModel : ;-0.943461; skewQuote : ;-1.8;;;;;;;;;;;;;;;;;;;;;;;;;;;;;
m : ;0.0479575; skewModel : ;-0.943456; skewQuote : ;-1.8;;;;;;;;;;;;;;;;;;;;;;;;;;;;;
m : ;0.0413486; skewModel : ;-0.950682; skewQuote : ;-1.8;;;;;;;;;;;;;;;;;;;;;;;;;;;;;
m : ;0.0413528; skewModel : ;-0.950678; skewQuote : ;-1.8;;;;;;;;;;;;;;;;;;;;;;;;;;;;;
m : ;0.0283581; skewModel : ;-0.964232; skewQuote : ;-1.8;;;;;;;;;;;;;;;;;;;;;;;;;;;;;
m : ;0.0283609; skewModel : ;-0.964229; skewQuote : ;-1.8;;;;;;;;;;;;;;;;;;;;;;;;;;;;;
m : ;0.00316722; skewModel : ;-0.987958; skewQuote : ;-1.8;;;;;;;;;;;;;;;;;;;;;;;;;;;;;
m : ;0.00316754; skewModel : ;-0.987958; skewQuote : ;-1.8;;;;;;;;;;;;;;;;;;;;;;;;;;;;;
m : ;0.00266368; skewModel : ;-0.988398; skewQuote : ;-1.8;;;;;;;;;;;;;;;;;;;;;;;;;;;;;
m : ;0.00266394; skewModel : ;-0.988397; skewQuote : ;-1.8;;;;;;;;;;;;;;;;;;;;;;;;;;;;;
m : ;0.00165768; skewModel : ;-0.989271; skewQuote : ;-1.8;;;;;;;;;;;;;;;;;;;;;;;;;;;;;
m : ;0.00165784; skewModel : ;-0.989271; skewQuote : ;-1.8;;;;;;;;;;;;;;;;;;;;;;;;;;;;;
m : ;0.00145652; skewModel : ;-0.989445; skewQuote : ;-1.8;;;;;;;;;;;;;;;;;;;;;;;;;;;;;
m : ;0.00145666; skewModel : ;-0.989444; skewQuote : ;-1.8;;;;;;;;;;;;;;;;;;;;;;;;;;;;;
m : ;0.00105438; skewModel : ;-0.989792; skewQuote : ;-1.8;;;;;;;;;;;;;;;;;;;;;;;;;;;;;
m : ;0.00105448; skewModel : ;-0.989791; skewQuote : ;-1.8;;;;;;;;;;;;;;;;;;;;;;;;;;;;;
m : ;0.000250781; skewModel : ;-0.990482; skewQuote : ;-1.8;;;;;;;;;;;;;;;;;;;;;;;;;;;;;
m : ;0.000250806; skewModel : ;-0.990482; skewQuote : ;-1.8;;;;;;;;;;;;;;;;;;;;;;;;;;;;;
m : ;9.01E-05; skewModel : ;-0.99062; skewQuote : ;-1.8;;;;;;;;;;;;;;;;;;;;;;;;;;;;;
m : ;9.01E-05; skewModel : ;-0.99062; skewQuote : ;-1.8;;;;;;;;;;;;;;;;;;;;;;;;;;;;;
m : ;5.80E-05; skewModel : ;-0.990647; skewQuote : ;-1.8;;;;;;;;;;;;;;;;;;;;;;;;;;;;;
m : ;5.80E-05; skewModel : ;-0.990647; skewQuote : ;-1.8;;;;;;;;;;;;;;;;;;;;;;;;;;;;;
 Criteria : ;StationaryFunctionValue;;;;;;;;;;;;;;;;;;;;;;;;;;;;;;;;;
 Root : ;[ 5.79523e-005 ];;;;;;;;;;;;;;;;;;;;;;;;;;;;;;;;;
 Min Function Value : ;0.809353;;;;;;;;;;;;;;;;;;;;;;;;;;;;;;;;;
;;;;;;;;;;;;;;;;;;;;;;;;;;;;;;;;;;
sigma : ;0.563075; volModel : ;0.143934; volQuote : ;0.16;;;;;;;;;;;;;;;;;;;;;;;;;;;;;
sigma : ;0.563075; volModel : ;0.143934; volQuote : ;0.16;;;;;;;;;;;;;;;;;;;;;;;;;;;;;
sigma : ;0.563131; volModel : ;0.143935; volQuote : ;0.16;;;;;;;;;;;;;;;;;;;;;;;;;;;;;
sigma : ;1.12615; volModel : ;0.15869; volQuote : ;0.16;;;;;;;;;;;;;;;;;;;;;;;;;;;;;
sigma : ;1.12626; volModel : ;0.158694; volQuote : ;0.16;;;;;;;;;;;;;;;;;;;;;;;;;;;;;
sigma : ;1.16542; volModel : ;0.160017; volQuote : ;0.16;;;;;;;;;;;;;;;;;;;;;;;;;;;;;
sigma : ;1.16553; volModel : ;0.160021; volQuote : ;0.16;;;;;;;;;;;;;;;;;;;;;;;;;;;;;
sigma : ;1.16491; volModel : ;0.16; volQuote : ;0.16;;;;;;;;;;;;;;;;;;;;;;;;;;;;;
sigma : ;1.16502; volModel : ;0.160004; volQuote : ;0.16;;;;;;;;;;;;;;;;;;;;;;;;;;;;;
sigma : ;1.16491; volModel : ;0.16; volQuote : ;0.16;;;;;;;;;;;;;;;;;;;;;;;;;;;;;
sigma : ;1.16502; volModel : ;0.160004; volQuote : ;0.16;;;;;;;;;;;;;;;;;;;;;;;;;;;;;
sigma : ;1.16491; volModel : ;0.16; volQuote : ;0.16;;;;;;;;;;;;;;;;;;;;;;;;;;;;;
sigma : ;1.16491; volModel : ;0.16; volQuote : ;0.16;;;;;;;;;;;;;;;;;;;;;;;;;;;;;
 Criteria : ;StationaryFunctionValue;;;;;;;;;;;;;;;;;;;;;;;;;;;;;;;;;
 Root : ;[ 1.16491 ];;;;;;;;;;;;;;;;;;;;;;;;;;;;;;;;;
 Min Function Value : ;3.33E-16;;;;;;;;;;;;;;;;;;;;;;;;;;;;;;;;;
;;;;;;;;;;;;;;;;;;;;;;;;;;;;;;;;;;
m : ;5.80E-05; skewModel : ;-1.29434; skewQuote : ;-1.8;;;;;;;;;;;;;;;;;;;;;;;;;;;;;
m : ;5.80E-05; skewModel : ;-1.29434; skewQuote : ;-1.8;;;;;;;;;;;;;;;;;;;;;;;;;;;;;
m : ;5.80E-05; skewModel : ;-1.29434; skewQuote : ;-1.8;;;;;;;;;;;;;;;;;;;;;;;;;;;;;
m : ;2.90E-05; skewModel : ;-1.29443; skewQuote : ;-1.8;;;;;;;;;;;;;;;;;;;;;;;;;;;;;
m : ;2.90E-05; skewModel : ;-1.29443; skewQuote : ;-1.8;;;;;;;;;;;;;;;;;;;;;;;;;;;;;
m : ;9.66E-06; skewModel : ;-1.29449; skewQuote : ;-1.8;;;;;;;;;;;;;;;;;;;;;;;;;;;;;
m : ;9.66E-06; skewModel : ;-1.29449; skewQuote : ;-1.8;;;;;;;;;;;;;;;;;;;;;;;;;;;;;
m : ;1.08E-06; skewModel : ;-1.29452; skewQuote : ;-1.8;;;;;;;;;;;;;;;;;;;;;;;;;;;;;
m : ;1.08E-06; skewModel : ;-1.29452; skewQuote : ;-1.8;;;;;;;;;;;;;;;;;;;;;;;;;;;;;
m : ;8.86E-07; skewModel : ;-1.29452; skewQuote : ;-1.8;;;;;;;;;;;;;;;;;;;;;;;;;;;;;
m : ;8.86E-07; skewModel : ;-1.29452; skewQuote : ;-1.8;;;;;;;;;;;;;;;;;;;;;;;;;;;;;
 Criteria : ;StationaryFunctionValue;;;;;;;;;;;;;;;;;;;;;;;;;;;;;;;;;
 Root : ;[ 8.85655e-007 ];;;;;;;;;;;;;;;;;;;;;;;;;;;;;;;;;
 Min Function Value : ;0.505482;;;;;;;;;;;;;;;;;;;;;;;;;;;;;;;;;
;;;;;;;;;;;;;;;;;;;;;;;;;;;;;;;;;;
sigma : ;1.16491; volModel : ;0.159994; volQuote : ;0.16;;;;;;;;;;;;;;;;;;;;;;;;;;;;;
sigma : ;1.16491; volModel : ;0.159994; volQuote : ;0.16;;;;;;;;;;;;;;;;;;;;;;;;;;;;;
sigma : ;1.16502; volModel : ;0.159998; volQuote : ;0.16;;;;;;;;;;;;;;;;;;;;;;;;;;;;;
sigma : ;1.16509; volModel : ;0.16; volQuote : ;0.16;;;;;;;;;;;;;;;;;;;;;;;;;;;;;
sigma : ;1.1652; volModel : ;0.160004; volQuote : ;0.16;;;;;;;;;;;;;;;;;;;;;;;;;;;;;
sigma : ;1.16509; volModel : ;0.16; volQuote : ;0.16;;;;;;;;;;;;;;;;;;;;;;;;;;;;;
sigma : ;1.16509; volModel : ;0.16; volQuote : ;0.16;;;;;;;;;;;;;;;;;;;;;;;;;;;;;
 Criteria : ;StationaryFunctionValue;;;;;;;;;;;;;;;;;;;;;;;;;;;;;;;;;
 Root : ;[ 1.16509 ];;;;;;;;;;;;;;;;;;;;;;;;;;;;;;;;;
 Min Function Value : ;5.00E-15;;;;;;;;;;;;;;;;;;;;;;;;;;;;;;;;;
;;;;;;;;;;;;;;;;;;;;;;;;;;;;;;;;;;
 ; vol ATM - 5bp ; vol ATM ; vol ATM + 5bp ;;;;;;;;;;;;;;;;;;;;;;;;;;;;;;;
STRIKE ;0.0448;0.0453;0.0458;;;;;;;;;;;;;;;;;;;;;;;;;;;;;;;
VOL MODEL ;0.160652;0.16;0.159358;;;;;;;;;;;;;;;;;;;;;;;;;;;;;;;
VOL MARKET ;0.161;0.16;0.1592;;;;;;;;;;;;;;;;;;;;;;;;;;;;;;;
;;;;;;;;;;;;;;;;;;;;;;;;;;;;;;;;;;
;;;;;;;;;;;;;;;;;;;;;;;;;;;;;;;;;;
------ Calibration sur la swaption 6Y4Y -------;;;;;;;;;;;;;;;;;;;;;;;;;;;;;;;;;;
;;;;;;;;;;;;;;;;;;;;;;;;;;;;;;;;;;
sigma : ;0.2; volModel : ;0.133785; volQuote : ;0.1529;;;;;;;;;;;;;;;;;;;;;;;;;;;;;
sigma : ;0.2; volModel : ;0.133785; volQuote : ;0.1529;;;;;;;;;;;;;;;;;;;;;;;;;;;;;
sigma : ;0.20002; volModel : ;0.133786; volQuote : ;0.1529;;;;;;;;;;;;;;;;;;;;;;;;;;;;;
sigma : ;0.4; volModel : ;0.142786; volQuote : ;0.1529;;;;;;;;;;;;;;;;;;;;;;;;;;;;;
sigma : ;0.40004; volModel : ;0.142789; volQuote : ;0.1529;;;;;;;;;;;;;;;;;;;;;;;;;;;;;
sigma : ;0.574742; volModel : ;0.154561; volQuote : ;0.1529;;;;;;;;;;;;;;;;;;;;;;;;;;;;;
sigma : ;0.5748; volModel : ;0.154566; volQuote : ;0.1529;;;;;;;;;;;;;;;;;;;;;;;;;;;;;
sigma : ;0.552905; volModel : ;0.152922; volQuote : ;0.1529;;;;;;;;;;;;;;;;;;;;;;;;;;;;;
sigma : ;0.55296; volModel : ;0.152926; volQuote : ;0.1529;;;;;;;;;;;;;;;;;;;;;;;;;;;;;
sigma : ;0.552609; volModel : ;0.1529; volQuote : ;0.1529;;;;;;;;;;;;;;;;;;;;;;;;;;;;;
sigma : ;0.552665; volModel : ;0.152904; volQuote : ;0.1529;;;;;;;;;;;;;;;;;;;;;;;;;;;;;
sigma : ;0.552609; volModel : ;0.1529; volQuote : ;0.1529;;;;;;;;;;;;;;;;;;;;;;;;;;;;;
sigma : ;0.552665; volModel : ;0.152904; volQuote : ;0.1529;;;;;;;;;;;;;;;;;;;;;;;;;;;;;
sigma : ;0.552609; volModel : ;0.1529; volQuote : ;0.1529;;;;;;;;;;;;;;;;;;;;;;;;;;;;;
sigma : ;0.552609; volModel : ;0.1529; volQuote : ;0.1529;;;;;;;;;;;;;;;;;;;;;;;;;;;;;
 Criteria : ;StationaryFunctionValue;;;;;;;;;;;;;;;;;;;;;;;;;;;;;;;;;
 Root : ;[ 0.552609 ];;;;;;;;;;;;;;;;;;;;;;;;;;;;;;;;;
 Min Function Value : ;5.55E-17;;;;;;;;;;;;;;;;;;;;;;;;;;;;;;;;;
;;;;;;;;;;;;;;;;;;;;;;;;;;;;;;;;;;
m : ;0.4; skewModel : ;-0.466362; skewQuote : ;-1.2;;;;;;;;;;;;;;;;;;;;;;;;;;;;;
m : ;0.4; skewModel : ;-0.466362; skewQuote : ;-1.2;;;;;;;;;;;;;;;;;;;;;;;;;;;;;
m : ;0.40004; skewModel : ;-0.466281; skewQuote : ;-1.2;;;;;;;;;;;;;;;;;;;;;;;;;;;;;
m : ;0.0359738; skewModel : ;-1.055; skewQuote : ;-1.2;;;;;;;;;;;;;;;;;;;;;;;;;;;;;
m : ;0.0359774; skewModel : ;-1.05499; skewQuote : ;-1.2;;;;;;;;;;;;;;;;;;;;;;;;;;;;;
m : ;0.0286932; skewModel : ;-1.06192; skewQuote : ;-1.2;;;;;;;;;;;;;;;;;;;;;;;;;;;;;
m : ;0.0286961; skewModel : ;-1.06192; skewQuote : ;-1.2;;;;;;;;;;;;;;;;;;;;;;;;;;;;;
m : ;0.0154366; skewModel : ;-1.07384; skewQuote : ;-1.2;;;;;;;;;;;;;;;;;;;;;;;;;;;;;
m : ;0.0154382; skewModel : ;-1.07384; skewQuote : ;-1.2;;;;;;;;;;;;;;;;;;;;;;;;;;;;;
m : ;0.0127853; skewModel : ;-1.07611; skewQuote : ;-1.2;;;;;;;;;;;;;;;;;;;;;;;;;;;;;
m : ;0.0127866; skewModel : ;-1.07611; skewQuote : ;-1.2;;;;;;;;;;;;;;;;;;;;;;;;;;;;;
m : ;0.00766891; skewModel : ;-1.0804; skewQuote : ;-1.2;;;;;;;;;;;;;;;;;;;;;;;;;;;;;
m : ;0.00766968; skewModel : ;-1.08039; skewQuote : ;-1.2;;;;;;;;;;;;;;;;;;;;;;;;;;;;;
m : ;0.00665278; skewModel : ;-1.08123; skewQuote : ;-1.2;;;;;;;;;;;;;;;;;;;;;;;;;;;;;
m : ;0.00665345; skewModel : ;-1.08123; skewQuote : ;-1.2;;;;;;;;;;;;;;;;;;;;;;;;;;;;;
m : ;0.00464858; skewModel : ;-1.08286; skewQuote : ;-1.2;;;;;;;;;;;;;;;;;;;;;;;;;;;;;
m : ;0.00464904; skewModel : ;-1.08286; skewQuote : ;-1.2;;;;;;;;;;;;;;;;;;;;;;;;;;;;;
m : ;0.000747875; skewModel : ;-1.08596; skewQuote : ;-1.2;;;;;;;;;;;;;;;;;;;;;;;;;;;;;
m : ;0.00074795; skewModel : ;-1.08596; skewQuote : ;-1.2;;;;;;;;;;;;;;;;;;;;;;;;;;;;;
m : ;0.000669903; skewModel : ;-1.08603; skewQuote : ;-1.2;;;;;;;;;;;;;;;;;;;;;;;;;;;;;
m : ;0.00066997; skewModel : ;-1.08603; skewQuote : ;-1.2;;;;;;;;;;;;;;;;;;;;;;;;;;;;;
m : ;0.000514126; skewModel : ;-1.08615; skewQuote : ;-1.2;;;;;;;;;;;;;;;;;;;;;;;;;;;;;
m : ;0.000514178; skewModel : ;-1.08615; skewQuote : ;-1.2;;;;;;;;;;;;;;;;;;;;;;;;;;;;;
m : ;0.00020324; skewModel : ;-1.08639; skewQuote : ;-1.2;;;;;;;;;;;;;;;;;;;;;;;;;;;;;
m : ;0.000203261; skewModel : ;-1.08639; skewQuote : ;-1.2;;;;;;;;;;;;;;;;;;;;;;;;;;;;;
m : ;0.00014109; skewModel : ;-1.08644; skewQuote : ;-1.2;;;;;;;;;;;;;;;;;;;;;;;;;;;;;
m : ;0.000141104; skewModel : ;-1.08644; skewQuote : ;-1.2;;;;;;;;;;;;;;;;;;;;;;;;;;;;;
m : ;1.69E-05; skewModel : ;-1.08654; skewQuote : ;-1.2;;;;;;;;;;;;;;;;;;;;;;;;;;;;;
m : ;1.69E-05; skewModel : ;-1.08654; skewQuote : ;-1.2;;;;;;;;;;;;;;;;;;;;;;;;;;;;;
m : ;1.44E-05; skewModel : ;-1.08654; skewQuote : ;-1.2;;;;;;;;;;;;;;;;;;;;;;;;;;;;;
m : ;1.44E-05; skewModel : ;-1.08654; skewQuote : ;-1.2;;;;;;;;;;;;;;;;;;;;;;;;;;;;;
 Criteria : ;StationaryFunctionValue;;;;;;;;;;;;;;;;;;;;;;;;;;;;;;;;;
 Root : ;[ 1.4411e-005 ];;;;;;;;;;;;;;;;;;;;;;;;;;;;;;;;;
 Min Function Value : ;0.113461;;;;;;;;;;;;;;;;;;;;;;;;;;;;;;;;;
;;;;;;;;;;;;;;;;;;;;;;;;;;;;;;;;;;
sigma : ;0.552609; volModel : ;0.135589; volQuote : ;0.1529;;;;;;;;;;;;;;;;;;;;;;;;;;;;;
sigma : ;0.552609; volModel : ;0.135589; volQuote : ;0.1529;;;;;;;;;;;;;;;;;;;;;;;;;;;;;
sigma : ;0.552665; volModel : ;0.13559; volQuote : ;0.1529;;;;;;;;;;;;;;;;;;;;;;;;;;;;;
sigma : ;1.10522; volModel : ;0.149517; volQuote : ;0.1529;;;;;;;;;;;;;;;;;;;;;;;;;;;;;
sigma : ;1.10533; volModel : ;0.149521; volQuote : ;0.1529;;;;;;;;;;;;;;;;;;;;;;;;;;;;;
sigma : ;1.21061; volModel : ;0.153022; volQuote : ;0.1529;;;;;;;;;;;;;;;;;;;;;;;;;;;;;
sigma : ;1.21073; volModel : ;0.153026; volQuote : ;0.1529;;;;;;;;;;;;;;;;;;;;;;;;;;;;;
sigma : ;1.20706; volModel : ;0.1529; volQuote : ;0.1529;;;;;;;;;;;;;;;;;;;;;;;;;;;;;
sigma : ;1.20718; volModel : ;0.152904; volQuote : ;0.1529;;;;;;;;;;;;;;;;;;;;;;;;;;;;;
sigma : ;1.20706; volModel : ;0.1529; volQuote : ;0.1529;;;;;;;;;;;;;;;;;;;;;;;;;;;;;
sigma : ;1.20718; volModel : ;0.152904; volQuote : ;0.1529;;;;;;;;;;;;;;;;;;;;;;;;;;;;;
sigma : ;1.20706; volModel : ;0.1529; volQuote : ;0.1529;;;;;;;;;;;;;;;;;;;;;;;;;;;;;
sigma : ;1.20706; volModel : ;0.1529; volQuote : ;0.1529;;;;;;;;;;;;;;;;;;;;;;;;;;;;;
 Criteria : ;StationaryFunctionValue;;;;;;;;;;;;;;;;;;;;;;;;;;;;;;;;;
 Root : ;[ 1.20706 ];;;;;;;;;;;;;;;;;;;;;;;;;;;;;;;;;
 Min Function Value : ;7.22E-16;;;;;;;;;;;;;;;;;;;;;;;;;;;;;;;;;
;;;;;;;;;;;;;;;;;;;;;;;;;;;;;;;;;;
m : ;1.44E-05; skewModel : ;-1.35727; skewQuote : ;-1.2;;;;;;;;;;;;;;;;;;;;;;;;;;;;;
m : ;1.44E-05; skewModel : ;-1.35727; skewQuote : ;-1.2;;;;;;;;;;;;;;;;;;;;;;;;;;;;;
m : ;1.44E-05; skewModel : ;-1.35727; skewQuote : ;-1.2;;;;;;;;;;;;;;;;;;;;;;;;;;;;;
m : ;2.88E-05; skewModel : ;-1.35723; skewQuote : ;-1.2;;;;;;;;;;;;;;;;;;;;;;;;;;;;;
m : ;2.88E-05; skewModel : ;-1.35723; skewQuote : ;-1.2;;;;;;;;;;;;;;;;;;;;;;;;;;;;;
m : ;5.76E-05; skewModel : ;-1.35714; skewQuote : ;-1.2;;;;;;;;;;;;;;;;;;;;;;;;;;;;;
m : ;5.76E-05; skewModel : ;-1.35714; skewQuote : ;-1.2;;;;;;;;;;;;;;;;;;;;;;;;;;;;;
m : ;0.000115164; skewModel : ;-1.35696; skewQuote : ;-1.2;;;;;;;;;;;;;;;;;;;;;;;;;;;;;
m : ;0.000115175; skewModel : ;-1.35696; skewQuote : ;-1.2;;;;;;;;;;;;;;;;;;;;;;;;;;;;;
m : ;0.00022996; skewModel : ;-1.35661; skewQuote : ;-1.2;;;;;;;;;;;;;;;;;;;;;;;;;;;;;
m : ;0.000229983; skewModel : ;-1.35661; skewQuote : ;-1.2;;;;;;;;;;;;;;;;;;;;;;;;;;;;;
m : ;0.000458415; skewModel : ;-1.35591; skewQuote : ;-1.2;;;;;;;;;;;;;;;;;;;;;;;;;;;;;
m : ;0.000458461; skewModel : ;-1.35591; skewQuote : ;-1.2;;;;;;;;;;;;;;;;;;;;;;;;;;;;;
m : ;0.000910833; skewModel : ;-1.35452; skewQuote : ;-1.2;;;;;;;;;;;;;;;;;;;;;;;;;;;;;
m : ;0.000910925; skewModel : ;-1.35452; skewQuote : ;-1.2;;;;;;;;;;;;;;;;;;;;;;;;;;;;;
m : ;0.00179806; skewModel : ;-1.35179; skewQuote : ;-1.2;;;;;;;;;;;;;;;;;;;;;;;;;;;;;
m : ;0.00179824; skewModel : ;-1.35179; skewQuote : ;-1.2;;;;;;;;;;;;;;;;;;;;;;;;;;;;;
m : ;0.0035048; skewModel : ;-1.3465; skewQuote : ;-1.2;;;;;;;;;;;;;;;;;;;;;;;;;;;;;
m : ;0.00350515; skewModel : ;-1.3465; skewQuote : ;-1.2;;;;;;;;;;;;;;;;;;;;;;;;;;;;;
m : ;0.00666775; skewModel : ;-1.33661; skewQuote : ;-1.2;;;;;;;;;;;;;;;;;;;;;;;;;;;;;
m : ;0.00666842; skewModel : ;-1.33661; skewQuote : ;-1.2;;;;;;;;;;;;;;;;;;;;;;;;;;;;;
m : ;0.012917; skewModel : ;-1.31673; skewQuote : ;-1.2;;;;;;;;;;;;;;;;;;;;;;;;;;;;;
m : ;0.0129183; skewModel : ;-1.31672; skewQuote : ;-1.2;;;;;;;;;;;;;;;;;;;;;;;;;;;;;
m : ;0.0251349; skewModel : ;-1.27661; skewQuote : ;-1.2;;;;;;;;;;;;;;;;;;;;;;;;;;;;;
m : ;0.0251374; skewModel : ;-1.2766; skewQuote : ;-1.2;;;;;;;;;;;;;;;;;;;;;;;;;;;;;
m : ;0.0480184; skewModel : ;-1.19756; skewQuote : ;-1.2;;;;;;;;;;;;;;;;;;;;;;;;;;;;;
m : ;0.0480232; skewModel : ;-1.19754; skewQuote : ;-1.2;;;;;;;;;;;;;;;;;;;;;;;;;;;;;
m : ;0.0473306; skewModel : ;-1.2; skewQuote : ;-1.2;;;;;;;;;;;;;;;;;;;;;;;;;;;;;
m : ;0.0473353; skewModel : ;-1.19998; skewQuote : ;-1.2;;;;;;;;;;;;;;;;;;;;;;;;;;;;;
m : ;0.04733; skewModel : ;-1.2; skewQuote : ;-1.2;;;;;;;;;;;;;;;;;;;;;;;;;;;;;
m : ;0.0473348; skewModel : ;-1.19998; skewQuote : ;-1.2;;;;;;;;;;;;;;;;;;;;;;;;;;;;;
m : ;0.04733; skewModel : ;-1.2; skewQuote : ;-1.2;;;;;;;;;;;;;;;;;;;;;;;;;;;;;
m : ;0.04733; skewModel : ;-1.2; skewQuote : ;-1.2;;;;;;;;;;;;;;;;;;;;;;;;;;;;;
 Criteria : ;StationaryFunctionValue;;;;;;;;;;;;;;;;;;;;;;;;;;;;;;;;;
 Root : ;[ 0.04733 ];;;;;;;;;;;;;;;;;;;;;;;;;;;;;;;;;
 Min Function Value : ;2.98E-13;;;;;;;;;;;;;;;;;;;;;;;;;;;;;;;;;
;;;;;;;;;;;;;;;;;;;;;;;;;;;;;;;;;;
sigma : ;1.20706; volModel : ;0.15904; volQuote : ;0.1529;;;;;;;;;;;;;;;;;;;;;;;;;;;;;
sigma : ;1.20706; volModel : ;0.15904; volQuote : ;0.1529;;;;;;;;;;;;;;;;;;;;;;;;;;;;;
sigma : ;1.20718; volModel : ;0.159045; volQuote : ;0.1529;;;;;;;;;;;;;;;;;;;;;;;;;;;;;
sigma : ;1.06418; volModel : ;0.153158; volQuote : ;0.1529;;;;;;;;;;;;;;;;;;;;;;;;;;;;;
sigma : ;1.06428; volModel : ;0.153162; volQuote : ;0.1529;;;;;;;;;;;;;;;;;;;;;;;;;;;;;
sigma : ;1.05762; volModel : ;0.152901; volQuote : ;0.1529;;;;;;;;;;;;;;;;;;;;;;;;;;;;;
sigma : ;1.05772; volModel : ;0.152905; volQuote : ;0.1529;;;;;;;;;;;;;;;;;;;;;;;;;;;;;
sigma : ;1.0576; volModel : ;0.1529; volQuote : ;0.1529;;;;;;;;;;;;;;;;;;;;;;;;;;;;;
sigma : ;1.05771; volModel : ;0.152904; volQuote : ;0.1529;;;;;;;;;;;;;;;;;;;;;;;;;;;;;
sigma : ;1.0576; volModel : ;0.1529; volQuote : ;0.1529;;;;;;;;;;;;;;;;;;;;;;;;;;;;;
sigma : ;1.0576; volModel : ;0.1529; volQuote : ;0.1529;;;;;;;;;;;;;;;;;;;;;;;;;;;;;
 Criteria : ;StationaryFunctionValue;;;;;;;;;;;;;;;;;;;;;;;;;;;;;;;;;
 Root : ;[ 1.0576 ];;;;;;;;;;;;;;;;;;;;;;;;;;;;;;;;;
 Min Function Value : ;1.25E-15;;;;;;;;;;;;;;;;;;;;;;;;;;;;;;;;;
;;;;;;;;;;;;;;;;;;;;;;;;;;;;;;;;;;
 ; vol ATM - 5bp ; vol ATM ; vol ATM + 5bp ;;;;;;;;;;;;;;;;;;;;;;;;;;;;;;;
STRIKE ;0.0458;0.0463;0.0468;;;;;;;;;;;;;;;;;;;;;;;;;;;;;;;
VOL MODEL ;0.153482;0.1529;0.152327;;;;;;;;;;;;;;;;;;;;;;;;;;;;;;;
VOL MARKET ;0.1536;0.1529;0.1524;;;;;;;;;;;;;;;;;;;;;;;;;;;;;;;
;;;;;;;;;;;;;;;;;;;;;;;;;;;;;;;;;;
;;;;;;;;;;;;;;;;;;;;;;;;;;;;;;;;;;
------ Calibration sur la swaption 7Y3Y -------;;;;;;;;;;;;;;;;;;;;;;;;;;;;;;;;;;
;;;;;;;;;;;;;;;;;;;;;;;;;;;;;;;;;;
sigma : ;0.2; volModel : ;0.132507; volQuote : ;0.1455;;;;;;;;;;;;;;;;;;;;;;;;;;;;;
sigma : ;0.2; volModel : ;0.132507; volQuote : ;0.1455;;;;;;;;;;;;;;;;;;;;;;;;;;;;;
sigma : ;0.20002; volModel : ;0.132508; volQuote : ;0.1455;;;;;;;;;;;;;;;;;;;;;;;;;;;;;
sigma : ;0.4; volModel : ;0.142085; volQuote : ;0.1455;;;;;;;;;;;;;;;;;;;;;;;;;;;;;
sigma : ;0.40004; volModel : ;0.142088; volQuote : ;0.1455;;;;;;;;;;;;;;;;;;;;;;;;;;;;;
sigma : ;0.455524; volModel : ;0.145687; volQuote : ;0.1455;;;;;;;;;;;;;;;;;;;;;;;;;;;;;
sigma : ;0.455569; volModel : ;0.14569; volQuote : ;0.1455;;;;;;;;;;;;;;;;;;;;;;;;;;;;;
sigma : ;0.45278; volModel : ;0.1455; volQuote : ;0.1455;;;;;;;;;;;;;;;;;;;;;;;;;;;;;
sigma : ;0.452825; volModel : ;0.145504; volQuote : ;0.1455;;;;;;;;;;;;;;;;;;;;;;;;;;;;;
sigma : ;0.452773; volModel : ;0.1455; volQuote : ;0.1455;;;;;;;;;;;;;;;;;;;;;;;;;;;;;
sigma : ;0.452819; volModel : ;0.145503; volQuote : ;0.1455;;;;;;;;;;;;;;;;;;;;;;;;;;;;;
sigma : ;0.452773; volModel : ;0.1455; volQuote : ;0.1455;;;;;;;;;;;;;;;;;;;;;;;;;;;;;
sigma : ;0.452773; volModel : ;0.1455; volQuote : ;0.1455;;;;;;;;;;;;;;;;;;;;;;;;;;;;;
 Criteria : ;StationaryFunctionValue;;;;;;;;;;;;;;;;;;;;;;;;;;;;;;;;;
 Root : ;[ 0.452773 ];;;;;;;;;;;;;;;;;;;;;;;;;;;;;;;;;
 Min Function Value : ;8.33E-16;;;;;;;;;;;;;;;;;;;;;;;;;;;;;;;;;
;;;;;;;;;;;;;;;;;;;;;;;;;;;;;;;;;;
m : ;0.4; skewModel : ;-0.624619; skewQuote : ;-1;;;;;;;;;;;;;;;;;;;;;;;;;;;;;
m : ;0.4; skewModel : ;-0.624619; skewQuote : ;-1;;;;;;;;;;;;;;;;;;;;;;;;;;;;;
m : ;0.40004; skewModel : ;-0.624566; skewQuote : ;-1;;;;;;;;;;;;;;;;;;;;;;;;;;;;;
m : ;0.116508; skewModel : ;-0.934502; skewQuote : ;-1;;;;;;;;;;;;;;;;;;;;;;;;;;;;;
m : ;0.116519; skewModel : ;-0.934493; skewQuote : ;-1;;;;;;;;;;;;;;;;;;;;;;;;;;;;;
m : ;0.0317952; skewModel : ;-0.988913; skewQuote : ;-1;;;;;;;;;;;;;;;;;;;;;;;;;;;;;
m : ;0.0317983; skewModel : ;-0.988912; skewQuote : ;-1;;;;;;;;;;;;;;;;;;;;;;;;;;;;;
m : ;0.00978999; skewModel : ;-0.999156; skewQuote : ;-1;;;;;;;;;;;;;;;;;;;;;;;;;;;;;
m : ;0.00979097; skewModel : ;-0.999155; skewQuote : ;-1;;;;;;;;;;;;;;;;;;;;;;;;;;;;;
m : ;0.0078114; skewModel : ;-0.999993; skewQuote : ;-1;;;;;;;;;;;;;;;;;;;;;;;;;;;;;
m : ;0.00781218; skewModel : ;-0.999993; skewQuote : ;-1;;;;;;;;;;;;;;;;;;;;;;;;;;;;;
m : ;0.00779472; skewModel : ;-1; skewQuote : ;-1;;;;;;;;;;;;;;;;;;;;;;;;;;;;;
m : ;0.0077955; skewModel : ;-1; skewQuote : ;-1;;;;;;;;;;;;;;;;;;;;;;;;;;;;;
m : ;0.00779471; skewModel : ;-1; skewQuote : ;-1;;;;;;;;;;;;;;;;;;;;;;;;;;;;;
m : ;0.00779549; skewModel : ;-1; skewQuote : ;-1;;;;;;;;;;;;;;;;;;;;;;;;;;;;;
m : ;0.00779471; skewModel : ;-1; skewQuote : ;-1;;;;;;;;;;;;;;;;;;;;;;;;;;;;;
m : ;0.00779471; skewModel : ;-1; skewQuote : ;-1;;;;;;;;;;;;;;;;;;;;;;;;;;;;;
 Criteria : ;StationaryFunctionValue;;;;;;;;;;;;;;;;;;;;;;;;;;;;;;;;;
 Root : ;[ 0.00779471 ];;;;;;;;;;;;;;;;;;;;;;;;;;;;;;;;;
 Min Function Value : ;3.32E-13;;;;;;;;;;;;;;;;;;;;;;;;;;;;;;;;;
;;;;;;;;;;;;;;;;;;;;;;;;;;;;;;;;;;
sigma : ;0.452773; volModel : ;0.132452; volQuote : ;0.1455;;;;;;;;;;;;;;;;;;;;;;;;;;;;;
sigma : ;0.452773; volModel : ;0.132452; volQuote : ;0.1455;;;;;;;;;;;;;;;;;;;;;;;;;;;;;
sigma : ;0.452819; volModel : ;0.132453; volQuote : ;0.1455;;;;;;;;;;;;;;;;;;;;;;;;;;;;;
sigma : ;0.905547; volModel : ;0.14194; volQuote : ;0.1455;;;;;;;;;;;;;;;;;;;;;;;;;;;;;
sigma : ;0.905637; volModel : ;0.141942; volQuote : ;0.1455;;;;;;;;;;;;;;;;;;;;;;;;;;;;;
sigma : ;1.03719; volModel : ;0.145711; volQuote : ;0.1455;;;;;;;;;;;;;;;;;;;;;;;;;;;;;
sigma : ;1.03729; volModel : ;0.145714; volQuote : ;0.1455;;;;;;;;;;;;;;;;;;;;;;;;;;;;;
sigma : ;1.03021; volModel : ;0.145501; volQuote : ;0.1455;;;;;;;;;;;;;;;;;;;;;;;;;;;;;
sigma : ;1.03031; volModel : ;0.145504; volQuote : ;0.1455;;;;;;;;;;;;;;;;;;;;;;;;;;;;;
sigma : ;1.03019; volModel : ;0.1455; volQuote : ;0.1455;;;;;;;;;;;;;;;;;;;;;;;;;;;;;
sigma : ;1.0303; volModel : ;0.145503; volQuote : ;0.1455;;;;;;;;;;;;;;;;;;;;;;;;;;;;;
sigma : ;1.03019; volModel : ;0.1455; volQuote : ;0.1455;;;;;;;;;;;;;;;;;;;;;;;;;;;;;
sigma : ;1.03019; volModel : ;0.1455; volQuote : ;0.1455;;;;;;;;;;;;;;;;;;;;;;;;;;;;;
 Criteria : ;StationaryFunctionValue;;;;;;;;;;;;;;;;;;;;;;;;;;;;;;;;;
 Root : ;[ 1.03019 ];;;;;;;;;;;;;;;;;;;;;;;;;;;;;;;;;
 Min Function Value : ;1.14E-15;;;;;;;;;;;;;;;;;;;;;;;;;;;;;;;;;
;;;;;;;;;;;;;;;;;;;;;;;;;;;;;;;;;;
m : ;0.00779471; skewModel : ;-1.19951; skewQuote : ;-1;;;;;;;;;;;;;;;;;;;;;;;;;;;;;
m : ;0.00779471; skewModel : ;-1.19951; skewQuote : ;-1;;;;;;;;;;;;;;;;;;;;;;;;;;;;;
m : ;0.00779549; skewModel : ;-1.19951; skewQuote : ;-1;;;;;;;;;;;;;;;;;;;;;;;;;;;;;
m : ;0.0155894; skewModel : ;-1.18456; skewQuote : ;-1;;;;;;;;;;;;;;;;;;;;;;;;;;;;;
m : ;0.015591; skewModel : ;-1.18456; skewQuote : ;-1;;;;;;;;;;;;;;;;;;;;;;;;;;;;;
m : ;0.0305306; skewModel : ;-1.15421; skewQuote : ;-1;;;;;;;;;;;;;;;;;;;;;;;;;;;;;
m : ;0.0305337; skewModel : ;-1.15421; skewQuote : ;-1;;;;;;;;;;;;;;;;;;;;;;;;;;;;;
m : ;0.0583728; skewModel : ;-1.09244; skewQuote : ;-1;;;;;;;;;;;;;;;;;;;;;;;;;;;;;
m : ;0.0583786; skewModel : ;-1.09243; skewQuote : ;-1;;;;;;;;;;;;;;;;;;;;;;;;;;;;;
m : ;0.0980952; skewModel : ;-0.994978; skewQuote : ;-1;;;;;;;;;;;;;;;;;;;;;;;;;;;;;
m : ;0.0981051; skewModel : ;-0.994952; skewQuote : ;-1;;;;;;;;;;;;;;;;;;;;;;;;;;;;;
m : ;0.096137; skewModel : ;-0.999991; skewQuote : ;-1;;;;;;;;;;;;;;;;;;;;;;;;;;;;;
m : ;0.0961466; skewModel : ;-0.999966; skewQuote : ;-1;;;;;;;;;;;;;;;;;;;;;;;;;;;;;
m : ;0.0961333; skewModel : ;-1; skewQuote : ;-1;;;;;;;;;;;;;;;;;;;;;;;;;;;;;
m : ;0.0961429; skewModel : ;-0.999975; skewQuote : ;-1;;;;;;;;;;;;;;;;;;;;;;;;;;;;;
m : ;0.0961333; skewModel : ;-1; skewQuote : ;-1;;;;;;;;;;;;;;;;;;;;;;;;;;;;;
m : ;0.0961333; skewModel : ;-1; skewQuote : ;-1;;;;;;;;;;;;;;;;;;;;;;;;;;;;;
 Criteria : ;StationaryFunctionValue;;;;;;;;;;;;;;;;;;;;;;;;;;;;;;;;;
 Root : ;[ 0.0961333 ];;;;;;;;;;;;;;;;;;;;;;;;;;;;;;;;;
 Min Function Value : ;7.21E-13;;;;;;;;;;;;;;;;;;;;;;;;;;;;;;;;;
;;;;;;;;;;;;;;;;;;;;;;;;;;;;;;;;;;
sigma : ;1.03019; volModel : ;0.155369; volQuote : ;0.1455;;;;;;;;;;;;;;;;;;;;;;;;;;;;;
sigma : ;1.03019; volModel : ;0.155369; volQuote : ;0.1455;;;;;;;;;;;;;;;;;;;;;;;;;;;;;
sigma : ;1.0303; volModel : ;0.155374; volQuote : ;0.1455;;;;;;;;;;;;;;;;;;;;;;;;;;;;;
sigma : ;0.818792; volModel : ;0.14625; volQuote : ;0.1455;;;;;;;;;;;;;;;;;;;;;;;;;;;;;
sigma : ;0.818874; volModel : ;0.146253; volQuote : ;0.1455;;;;;;;;;;;;;;;;;;;;;;;;;;;;;
sigma : ;0.799754; volModel : ;0.145507; volQuote : ;0.1455;;;;;;;;;;;;;;;;;;;;;;;;;;;;;
sigma : ;0.799834; volModel : ;0.14551; volQuote : ;0.1455;;;;;;;;;;;;;;;;;;;;;;;;;;;;;
sigma : ;0.799576; volModel : ;0.1455; volQuote : ;0.1455;;;;;;;;;;;;;;;;;;;;;;;;;;;;;
sigma : ;0.799656; volModel : ;0.145503; volQuote : ;0.1455;;;;;;;;;;;;;;;;;;;;;;;;;;;;;
sigma : ;0.799576; volModel : ;0.1455; volQuote : ;0.1455;;;;;;;;;;;;;;;;;;;;;;;;;;;;;
sigma : ;0.799656; volModel : ;0.145503; volQuote : ;0.1455;;;;;;;;;;;;;;;;;;;;;;;;;;;;;
sigma : ;0.799576; volModel : ;0.1455; volQuote : ;0.1455;;;;;;;;;;;;;;;;;;;;;;;;;;;;;
sigma : ;0.799576; volModel : ;0.1455; volQuote : ;0.1455;;;;;;;;;;;;;;;;;;;;;;;;;;;;;
 Criteria : ;StationaryFunctionValue;;;;;;;;;;;;;;;;;;;;;;;;;;;;;;;;;
 Root : ;[ 0.799576 ];;;;;;;;;;;;;;;;;;;;;;;;;;;;;;;;;
 Min Function Value : ;1.39E-16;;;;;;;;;;;;;;;;;;;;;;;;;;;;;;;;;
;;;;;;;;;;;;;;;;;;;;;;;;;;;;;;;;;;
 ; vol ATM - 5bp ; vol ATM ; vol ATM + 5bp ;;;;;;;;;;;;;;;;;;;;;;;;;;;;;;;
STRIKE ;0.0463;0.0468;0.0473;;;;;;;;;;;;;;;;;;;;;;;;;;;;;;;
VOL MODEL ;0.145989;0.1455;0.145018;;;;;;;;;;;;;;;;;;;;;;;;;;;;;;;
VOL MARKET ;0.146;0.1455;0.145;;;;;;;;;;;;;;;;;;;;;;;;;;;;;;;
;;;;;;;;;;;;;;;;;;;;;;;;;;;;;;;;;;
;;;;;;;;;;;;;;;;;;;;;;;;;;;;;;;;;;
------ Calibration sur la swaption 8Y2Y -------;;;;;;;;;;;;;;;;;;;;;;;;;;;;;;;;;;
;;;;;;;;;;;;;;;;;;;;;;;;;;;;;;;;;;
sigma : ;0.2; volModel : ;0.126353; volQuote : ;0.1409;;;;;;;;;;;;;;;;;;;;;;;;;;;;;
sigma : ;0.2; volModel : ;0.126353; volQuote : ;0.1409;;;;;;;;;;;;;;;;;;;;;;;;;;;;;
sigma : ;0.20002; volModel : ;0.126354; volQuote : ;0.1409;;;;;;;;;;;;;;;;;;;;;;;;;;;;;
sigma : ;0.4; volModel : ;0.136693; volQuote : ;0.1409;;;;;;;;;;;;;;;;;;;;;;;;;;;;;
sigma : ;0.40004; volModel : ;0.136696; volQuote : ;0.1409;;;;;;;;;;;;;;;;;;;;;;;;;;;;;
sigma : ;0.463571; volModel : ;0.141157; volQuote : ;0.1409;;;;;;;;;;;;;;;;;;;;;;;;;;;;;
sigma : ;0.463617; volModel : ;0.141161; volQuote : ;0.1409;;;;;;;;;;;;;;;;;;;;;;;;;;;;;
sigma : ;0.460102; volModel : ;0.140901; volQuote : ;0.1409;;;;;;;;;;;;;;;;;;;;;;;;;;;;;
sigma : ;0.460148; volModel : ;0.140904; volQuote : ;0.1409;;;;;;;;;;;;;;;;;;;;;;;;;;;;;
sigma : ;0.460092; volModel : ;0.1409; volQuote : ;0.1409;;;;;;;;;;;;;;;;;;;;;;;;;;;;;
sigma : ;0.460138; volModel : ;0.140903; volQuote : ;0.1409;;;;;;;;;;;;;;;;;;;;;;;;;;;;;
sigma : ;0.460092; volModel : ;0.1409; volQuote : ;0.1409;;;;;;;;;;;;;;;;;;;;;;;;;;;;;
sigma : ;0.460092; volModel : ;0.1409; volQuote : ;0.1409;;;;;;;;;;;;;;;;;;;;;;;;;;;;;
 Criteria : ;StationaryFunctionValue;;;;;;;;;;;;;;;;;;;;;;;;;;;;;;;;;
 Root : ;[ 0.460092 ];;;;;;;;;;;;;;;;;;;;;;;;;;;;;;;;;
 Min Function Value : ;1.17E-15;;;;;;;;;;;;;;;;;;;;;;;;;;;;;;;;;
;;;;;;;;;;;;;;;;;;;;;;;;;;;;;;;;;;
m : ;0.4; skewModel : ;-0.5049; skewQuote : ;-1.1;;;;;;;;;;;;;;;;;;;;;;;;;;;;;
m : ;0.4; skewModel : ;-0.5049; skewQuote : ;-1.1;;;;;;;;;;;;;;;;;;;;;;;;;;;;;
m : ;0.40004; skewModel : ;-0.504853; skewQuote : ;-1.1;;;;;;;;;;;;;;;;;;;;;;;;;;;;;
m : ;0.2; skewModel : ;-0.715195; skewQuote : ;-1.1;;;;;;;;;;;;;;;;;;;;;;;;;;;;;
m : ;0.20002; skewModel : ;-0.715177; skewQuote : ;-1.1;;;;;;;;;;;;;;;;;;;;;;;;;;;;;
m : ;0.0820636; skewModel : ;-0.802985; skewQuote : ;-1.1;;;;;;;;;;;;;;;;;;;;;;;;;;;;;
m : ;0.0820718; skewModel : ;-0.80298; skewQuote : ;-1.1;;;;;;;;;;;;;;;;;;;;;;;;;;;;;
m : ;0.0542519; skewModel : ;-0.818097; skewQuote : ;-1.1;;;;;;;;;;;;;;;;;;;;;;;;;;;;;
m : ;0.0542574; skewModel : ;-0.818095; skewQuote : ;-1.1;;;;;;;;;;;;;;;;;;;;;;;;;;;;;
m : ;0.00362564; skewModel : ;-0.839222; skewQuote : ;-1.1;;;;;;;;;;;;;;;;;;;;;;;;;;;;;
m : ;0.00362601; skewModel : ;-0.839222; skewQuote : ;-1.1;;;;;;;;;;;;;;;;;;;;;;;;;;;;;
m : ;0.00261312; skewModel : ;-0.839556; skewQuote : ;-1.1;;;;;;;;;;;;;;;;;;;;;;;;;;;;;
m : ;0.00261338; skewModel : ;-0.839556; skewQuote : ;-1.1;;;;;;;;;;;;;;;;;;;;;;;;;;;;;
m : ;0.000593219; skewModel : ;-0.840211; skewQuote : ;-1.1;;;;;;;;;;;;;;;;;;;;;;;;;;;;;
m : ;0.000593278; skewModel : ;-0.840211; skewQuote : ;-1.1;;;;;;;;;;;;;;;;;;;;;;;;;;;;;
m : ;0.000189441; skewModel : ;-0.84034; skewQuote : ;-1.1;;;;;;;;;;;;;;;;;;;;;;;;;;;;;
m : ;0.00018946; skewModel : ;-0.84034; skewQuote : ;-1.1;;;;;;;;;;;;;;;;;;;;;;;;;;;;;
m : ;0.000108693; skewModel : ;-0.840366; skewQuote : ;-1.1;;;;;;;;;;;;;;;;;;;;;;;;;;;;;
m : ;0.000108704; skewModel : ;-0.840366; skewQuote : ;-1.1;;;;;;;;;;;;;;;;;;;;;;;;;;;;;
m : ;9.25E-05; skewModel : ;-0.840371; skewQuote : ;-1.1;;;;;;;;;;;;;;;;;;;;;;;;;;;;;
m : ;9.25E-05; skewModel : ;-0.840371; skewQuote : ;-1.1;;;;;;;;;;;;;;;;;;;;;;;;;;;;;
 Criteria : ;StationaryFunctionValue;;;;;;;;;;;;;;;;;;;;;;;;;;;;;;;;;
 Root : ;[ 9.25437e-005 ];;;;;;;;;;;;;;;;;;;;;;;;;;;;;;;;;
 Min Function Value : ;0.259629;;;;;;;;;;;;;;;;;;;;;;;;;;;;;;;;;
;;;;;;;;;;;;;;;;;;;;;;;;;;;;;;;;;;
sigma : ;0.460092; volModel : ;0.126219; volQuote : ;0.1409;;;;;;;;;;;;;;;;;;;;;;;;;;;;;
sigma : ;0.460092; volModel : ;0.126219; volQuote : ;0.1409;;;;;;;;;;;;;;;;;;;;;;;;;;;;;
sigma : ;0.460138; volModel : ;0.126219; volQuote : ;0.1409;;;;;;;;;;;;;;;;;;;;;;;;;;;;;
sigma : ;0.920185; volModel : ;0.136243; volQuote : ;0.1409;;;;;;;;;;;;;;;;;;;;;;;;;;;;;
sigma : ;0.920277; volModel : ;0.136246; volQuote : ;0.1409;;;;;;;;;;;;;;;;;;;;;;;;;;;;;
sigma : ;1.08636; volModel : ;0.141233; volQuote : ;0.1409;;;;;;;;;;;;;;;;;;;;;;;;;;;;;
sigma : ;1.08647; volModel : ;0.141236; volQuote : ;0.1409;;;;;;;;;;;;;;;;;;;;;;;;;;;;;
sigma : ;1.07595; volModel : ;0.140901; volQuote : ;0.1409;;;;;;;;;;;;;;;;;;;;;;;;;;;;;
sigma : ;1.07606; volModel : ;0.140905; volQuote : ;0.1409;;;;;;;;;;;;;;;;;;;;;;;;;;;;;
sigma : ;1.07591; volModel : ;0.1409; volQuote : ;0.1409;;;;;;;;;;;;;;;;;;;;;;;;;;;;;
sigma : ;1.07602; volModel : ;0.140903; volQuote : ;0.1409;;;;;;;;;;;;;;;;;;;;;;;;;;;;;
sigma : ;1.07591; volModel : ;0.1409; volQuote : ;0.1409;;;;;;;;;;;;;;;;;;;;;;;;;;;;;
sigma : ;1.07591; volModel : ;0.1409; volQuote : ;0.1409;;;;;;;;;;;;;;;;;;;;;;;;;;;;;
 Criteria : ;StationaryFunctionValue;;;;;;;;;;;;;;;;;;;;;;;;;;;;;;;;;
 Root : ;[ 1.07591 ];;;;;;;;;;;;;;;;;;;;;;;;;;;;;;;;;
 Min Function Value : ;2.86E-15;;;;;;;;;;;;;;;;;;;;;;;;;;;;;;;;;
;;;;;;;;;;;;;;;;;;;;;;;;;;;;;;;;;;
m : ;9.25E-05; skewModel : ;-1.11352; skewQuote : ;-1.1;;;;;;;;;;;;;;;;;;;;;;;;;;;;;
m : ;9.25E-05; skewModel : ;-1.11352; skewQuote : ;-1.1;;;;;;;;;;;;;;;;;;;;;;;;;;;;;
m : ;9.26E-05; skewModel : ;-1.11352; skewQuote : ;-1.1;;;;;;;;;;;;;;;;;;;;;;;;;;;;;
m : ;0.000185087; skewModel : ;-1.11338; skewQuote : ;-1.1;;;;;;;;;;;;;;;;;;;;;;;;;;;;;
m : ;0.000185106; skewModel : ;-1.11338; skewQuote : ;-1.1;;;;;;;;;;;;;;;;;;;;;;;;;;;;;
m : ;0.000366042; skewModel : ;-1.11308; skewQuote : ;-1.1;;;;;;;;;;;;;;;;;;;;;;;;;;;;;
m : ;0.000366079; skewModel : ;-1.11308; skewQuote : ;-1.1;;;;;;;;;;;;;;;;;;;;;;;;;;;;;
m : ;0.000712161; skewModel : ;-1.11253; skewQuote : ;-1.1;;;;;;;;;;;;;;;;;;;;;;;;;;;;;
m : ;0.000712233; skewModel : ;-1.11253; skewQuote : ;-1.1;;;;;;;;;;;;;;;;;;;;;;;;;;;;;
m : ;0.00134653; skewModel : ;-1.11151; skewQuote : ;-1.1;;;;;;;;;;;;;;;;;;;;;;;;;;;;;
m : ;0.00134667; skewModel : ;-1.11151; skewQuote : ;-1.1;;;;;;;;;;;;;;;;;;;;;;;;;;;;;
m : ;0.00260989; skewModel : ;-1.10946; skewQuote : ;-1.1;;;;;;;;;;;;;;;;;;;;;;;;;;;;;
m : ;0.00261015; skewModel : ;-1.10946; skewQuote : ;-1.1;;;;;;;;;;;;;;;;;;;;;;;;;;;;;
m : ;0.00511558; skewModel : ;-1.10534; skewQuote : ;-1.1;;;;;;;;;;;;;;;;;;;;;;;;;;;;;
m : ;0.00511609; skewModel : ;-1.10534; skewQuote : ;-1.1;;;;;;;;;;;;;;;;;;;;;;;;;;;;;
m : ;0.00834198; skewModel : ;-1.09995; skewQuote : ;-1.1;;;;;;;;;;;;;;;;;;;;;;;;;;;;;
m : ;0.00834281; skewModel : ;-1.09994; skewQuote : ;-1.1;;;;;;;;;;;;;;;;;;;;;;;;;;;;;
m : ;0.00831002; skewModel : ;-1.1; skewQuote : ;-1.1;;;;;;;;;;;;;;;;;;;;;;;;;;;;;
m : ;0.00831086; skewModel : ;-1.1; skewQuote : ;-1.1;;;;;;;;;;;;;;;;;;;;;;;;;;;;;
m : ;0.00831002; skewModel : ;-1.1; skewQuote : ;-1.1;;;;;;;;;;;;;;;;;;;;;;;;;;;;;
m : ;0.00831085; skewModel : ;-1.1; skewQuote : ;-1.1;;;;;;;;;;;;;;;;;;;;;;;;;;;;;
m : ;0.00831002; skewModel : ;-1.1; skewQuote : ;-1.1;;;;;;;;;;;;;;;;;;;;;;;;;;;;;
m : ;0.00831002; skewModel : ;-1.1; skewQuote : ;-1.1;;;;;;;;;;;;;;;;;;;;;;;;;;;;;
 Criteria : ;StationaryFunctionValue;;;;;;;;;;;;;;;;;;;;;;;;;;;;;;;;;
 Root : ;[ 0.00831002 ];;;;;;;;;;;;;;;;;;;;;;;;;;;;;;;;;
 Min Function Value : ;3.67E-13;;;;;;;;;;;;;;;;;;;;;;;;;;;;;;;;;
;;;;;;;;;;;;;;;;;;;;;;;;;;;;;;;;;;
sigma : ;1.07591; volModel : ;0.141856; volQuote : ;0.1409;;;;;;;;;;;;;;;;;;;;;;;;;;;;;
sigma : ;1.07591; volModel : ;0.141856; volQuote : ;0.1409;;;;;;;;;;;;;;;;;;;;;;;;;;;;;
sigma : ;1.07602; volModel : ;0.141859; volQuote : ;0.1409;;;;;;;;;;;;;;;;;;;;;;;;;;;;;
sigma : ;1.04721; volModel : ;0.14091; volQuote : ;0.1409;;;;;;;;;;;;;;;;;;;;;;;;;;;;;
sigma : ;1.04731; volModel : ;0.140913; volQuote : ;0.1409;;;;;;;;;;;;;;;;;;;;;;;;;;;;;
sigma : ;1.04691; volModel : ;0.1409; volQuote : ;0.1409;;;;;;;;;;;;;;;;;;;;;;;;;;;;;
sigma : ;1.04701; volModel : ;0.140903; volQuote : ;0.1409;;;;;;;;;;;;;;;;;;;;;;;;;;;;;
sigma : ;1.04691; volModel : ;0.1409; volQuote : ;0.1409;;;;;;;;;;;;;;;;;;;;;;;;;;;;;
sigma : ;1.04701; volModel : ;0.140903; volQuote : ;0.1409;;;;;;;;;;;;;;;;;;;;;;;;;;;;;
sigma : ;1.04691; volModel : ;0.1409; volQuote : ;0.1409;;;;;;;;;;;;;;;;;;;;;;;;;;;;;
sigma : ;1.04691; volModel : ;0.1409; volQuote : ;0.1409;;;;;;;;;;;;;;;;;;;;;;;;;;;;;
 Criteria : ;StationaryFunctionValue;;;;;;;;;;;;;;;;;;;;;;;;;;;;;;;;;
 Root : ;[ 1.04691 ];;;;;;;;;;;;;;;;;;;;;;;;;;;;;;;;;
 Min Function Value : ;2.22E-16;;;;;;;;;;;;;;;;;;;;;;;;;;;;;;;;;
;;;;;;;;;;;;;;;;;;;;;;;;;;;;;;;;;;
 ; vol ATM - 5bp ; vol ATM ; vol ATM + 5bp ;;;;;;;;;;;;;;;;;;;;;;;;;;;;;;;
STRIKE ;0.0469;0.0474;0.0479;;;;;;;;;;;;;;;;;;;;;;;;;;;;;;;
VOL MODEL ;0.141447;0.1409;0.140362;;;;;;;;;;;;;;;;;;;;;;;;;;;;;;;
VOL MARKET ;0.1414;0.1409;0.1403;;;;;;;;;;;;;;;;;;;;;;;;;;;;;;;
;;;;;;;;;;;;;;;;;;;;;;;;;;;;;;;;;;
;;;;;;;;;;;;;;;;;;;;;;;;;;;;;;;;;;
------ Calibration sur la swaption 9Y1Y -------;;;;;;;;;;;;;;;;;;;;;;;;;;;;;;;;;;
;;;;;;;;;;;;;;;;;;;;;;;;;;;;;;;;;;
sigma : ;0.2; volModel : ;0.124747; volQuote : ;0.1378;;;;;;;;;;;;;;;;;;;;;;;;;;;;;
sigma : ;0.2; volModel : ;0.124747; volQuote : ;0.1378;;;;;;;;;;;;;;;;;;;;;;;;;;;;;
sigma : ;0.20002; volModel : ;0.124748; volQuote : ;0.1378;;;;;;;;;;;;;;;;;;;;;;;;;;;;;
sigma : ;0.4; volModel : ;0.135323; volQuote : ;0.1378;;;;;;;;;;;;;;;;;;;;;;;;;;;;;
sigma : ;0.40004; volModel : ;0.135326; volQuote : ;0.1378;;;;;;;;;;;;;;;;;;;;;;;;;;;;;
sigma : ;0.436623; volModel : ;0.137888; volQuote : ;0.1378;;;;;;;;;;;;;;;;;;;;;;;;;;;;;
sigma : ;0.436667; volModel : ;0.137891; volQuote : ;0.1378;;;;;;;;;;;;;;;;;;;;;;;;;;;;;
sigma : ;0.435407; volModel : ;0.1378; volQuote : ;0.1378;;;;;;;;;;;;;;;;;;;;;;;;;;;;;
sigma : ;0.435451; volModel : ;0.137803; volQuote : ;0.1378;;;;;;;;;;;;;;;;;;;;;;;;;;;;;
sigma : ;0.435406; volModel : ;0.1378; volQuote : ;0.1378;;;;;;;;;;;;;;;;;;;;;;;;;;;;;
sigma : ;0.435449; volModel : ;0.137803; volQuote : ;0.1378;;;;;;;;;;;;;;;;;;;;;;;;;;;;;
sigma : ;0.435406; volModel : ;0.1378; volQuote : ;0.1378;;;;;;;;;;;;;;;;;;;;;;;;;;;;;
sigma : ;0.435406; volModel : ;0.1378; volQuote : ;0.1378;;;;;;;;;;;;;;;;;;;;;;;;;;;;;
 Criteria : ;StationaryFunctionValue;;;;;;;;;;;;;;;;;;;;;;;;;;;;;;;;;
 Root : ;[ 0.435406 ];;;;;;;;;;;;;;;;;;;;;;;;;;;;;;;;;
 Min Function Value : ;1.11E-16;;;;;;;;;;;;;;;;;;;;;;;;;;;;;;;;;
;;;;;;;;;;;;;;;;;;;;;;;;;;;;;;;;;;
m : ;0.4; skewModel : ;-0.651333; skewQuote : ;-1.2;;;;;;;;;;;;;;;;;;;;;;;;;;;;;
m : ;0.4; skewModel : ;-0.651333; skewQuote : ;-1.2;;;;;;;;;;;;;;;;;;;;;;;;;;;;;
m : ;0.40004; skewModel : ;-0.651292; skewQuote : ;-1.2;;;;;;;;;;;;;;;;;;;;;;;;;;;;;
m : ;0.2; skewModel : ;-0.835194; skewQuote : ;-1.2;;;;;;;;;;;;;;;;;;;;;;;;;;;;;
m : ;0.20002; skewModel : ;-0.835178; skewQuote : ;-1.2;;;;;;;;;;;;;;;;;;;;;;;;;;;;;
m : ;0.0852294; skewModel : ;-0.910335; skewQuote : ;-1.2;;;;;;;;;;;;;;;;;;;;;;;;;;;;;
m : ;0.0852379; skewModel : ;-0.910331; skewQuote : ;-1.2;;;;;;;;;;;;;;;;;;;;;;;;;;;;;
m : ;0.0574822; skewModel : ;-0.923768; skewQuote : ;-1.2;;;;;;;;;;;;;;;;;;;;;;;;;;;;;
m : ;0.057488; skewModel : ;-0.923765; skewQuote : ;-1.2;;;;;;;;;;;;;;;;;;;;;;;;;;;;;
m : ;0.00655934; skewModel : ;-0.942847; skewQuote : ;-1.2;;;;;;;;;;;;;;;;;;;;;;;;;;;;;
m : ;0.00655999; skewModel : ;-0.942847; skewQuote : ;-1.2;;;;;;;;;;;;;;;;;;;;;;;;;;;;;
m : ;0.00554088; skewModel : ;-0.943151; skewQuote : ;-1.2;;;;;;;;;;;;;;;;;;;;;;;;;;;;;
m : ;0.00554144; skewModel : ;-0.943151; skewQuote : ;-1.2;;;;;;;;;;;;;;;;;;;;;;;;;;;;;
m : ;0.00350875; skewModel : ;-0.943748; skewQuote : ;-1.2;;;;;;;;;;;;;;;;;;;;;;;;;;;;;
m : ;0.0035091; skewModel : ;-0.943748; skewQuote : ;-1.2;;;;;;;;;;;;;;;;;;;;;;;;;;;;;
m : ;0.00310251; skewModel : ;-0.943866; skewQuote : ;-1.2;;;;;;;;;;;;;;;;;;;;;;;;;;;;;
m : ;0.00310283; skewModel : ;-0.943866; skewQuote : ;-1.2;;;;;;;;;;;;;;;;;;;;;;;;;;;;;
m : ;0.00229078; skewModel : ;-0.944101; skewQuote : ;-1.2;;;;;;;;;;;;;;;;;;;;;;;;;;;;;
m : ;0.00229101; skewModel : ;-0.9441; skewQuote : ;-1.2;;;;;;;;;;;;;;;;;;;;;;;;;;;;;
m : ;0.000670276; skewModel : ;-0.944562; skewQuote : ;-1.2;;;;;;;;;;;;;;;;;;;;;;;;;;;;;
m : ;0.000670343; skewModel : ;-0.944562; skewQuote : ;-1.2;;;;;;;;;;;;;;;;;;;;;;;;;;;;;
m : ;0.00034629; skewModel : ;-0.944653; skewQuote : ;-1.2;;;;;;;;;;;;;;;;;;;;;;;;;;;;;
m : ;0.000346325; skewModel : ;-0.944653; skewQuote : ;-1.2;;;;;;;;;;;;;;;;;;;;;;;;;;;;;
m : ;0.000281498; skewModel : ;-0.944671; skewQuote : ;-1.2;;;;;;;;;;;;;;;;;;;;;;;;;;;;;
m : ;0.000281526; skewModel : ;-0.944671; skewQuote : ;-1.2;;;;;;;;;;;;;;;;;;;;;;;;;;;;;
m : ;0.000151931; skewModel : ;-0.944708; skewQuote : ;-1.2;;;;;;;;;;;;;;;;;;;;;;;;;;;;;
m : ;0.000151946; skewModel : ;-0.944708; skewQuote : ;-1.2;;;;;;;;;;;;;;;;;;;;;;;;;;;;;
m : ;0.000126019; skewModel : ;-0.944715; skewQuote : ;-1.2;;;;;;;;;;;;;;;;;;;;;;;;;;;;;
m : ;0.000126019; skewModel : ;-0.944715; skewQuote : ;-1.2;;;;;;;;;;;;;;;;;;;;;;;;;;;;;
 Criteria : ;StationaryFunctionValue;;;;;;;;;;;;;;;;;;;;;;;;;;;;;;;;;
 Root : ;[ 0.000126019 ];;;;;;;;;;;;;;;;;;;;;;;;;;;;;;;;;
 Min Function Value : ;0.255285;;;;;;;;;;;;;;;;;;;;;;;;;;;;;;;;;
;;;;;;;;;;;;;;;;;;;;;;;;;;;;;;;;;;
sigma : ;0.435406; volModel : ;0.124065; volQuote : ;0.1378;;;;;;;;;;;;;;;;;;;;;;;;;;;;;
sigma : ;0.435406; volModel : ;0.124065; volQuote : ;0.1378;;;;;;;;;;;;;;;;;;;;;;;;;;;;;
sigma : ;0.435449; volModel : ;0.124066; volQuote : ;0.1378;;;;;;;;;;;;;;;;;;;;;;;;;;;;;
sigma : ;0.870812; volModel : ;0.132838; volQuote : ;0.1378;;;;;;;;;;;;;;;;;;;;;;;;;;;;;
sigma : ;0.870899; volModel : ;0.13284; volQuote : ;0.1378;;;;;;;;;;;;;;;;;;;;;;;;;;;;;
sigma : ;1.06152; volModel : ;0.138239; volQuote : ;0.1378;;;;;;;;;;;;;;;;;;;;;;;;;;;;;
sigma : ;1.06163; volModel : ;0.138242; volQuote : ;0.1378;;;;;;;;;;;;;;;;;;;;;;;;;;;;;
sigma : ;1.04715; volModel : ;0.137802; volQuote : ;0.1378;;;;;;;;;;;;;;;;;;;;;;;;;;;;;
sigma : ;1.04726; volModel : ;0.137805; volQuote : ;0.1378;;;;;;;;;;;;;;;;;;;;;;;;;;;;;
sigma : ;1.04708; volModel : ;0.1378; volQuote : ;0.1378;;;;;;;;;;;;;;;;;;;;;;;;;;;;;
sigma : ;1.04718; volModel : ;0.137803; volQuote : ;0.1378;;;;;;;;;;;;;;;;;;;;;;;;;;;;;
sigma : ;1.04708; volModel : ;0.1378; volQuote : ;0.1378;;;;;;;;;;;;;;;;;;;;;;;;;;;;;
sigma : ;1.04718; volModel : ;0.137803; volQuote : ;0.1378;;;;;;;;;;;;;;;;;;;;;;;;;;;;;
sigma : ;1.04708; volModel : ;0.1378; volQuote : ;0.1378;;;;;;;;;;;;;;;;;;;;;;;;;;;;;
sigma : ;1.04708; volModel : ;0.1378; volQuote : ;0.1378;;;;;;;;;;;;;;;;;;;;;;;;;;;;;
 Criteria : ;StationaryFunctionValue;;;;;;;;;;;;;;;;;;;;;;;;;;;;;;;;;
 Root : ;[ 1.04708 ];;;;;;;;;;;;;;;;;;;;;;;;;;;;;;;;;
 Min Function Value : ;6.94E-16;;;;;;;;;;;;;;;;;;;;;;;;;;;;;;;;;
;;;;;;;;;;;;;;;;;;;;;;;;;;;;;;;;;;
m : ;0.000126019; skewModel : ;-1.16515; skewQuote : ;-1.2;;;;;;;;;;;;;;;;;;;;;;;;;;;;;
m : ;0.000126019; skewModel : ;-1.16515; skewQuote : ;-1.2;;;;;;;;;;;;;;;;;;;;;;;;;;;;;
m : ;0.000126031; skewModel : ;-1.16515; skewQuote : ;-1.2;;;;;;;;;;;;;;;;;;;;;;;;;;;;;
m : ;6.30E-05; skewModel : ;-1.16524; skewQuote : ;-1.2;;;;;;;;;;;;;;;;;;;;;;;;;;;;;
m : ;6.30E-05; skewModel : ;-1.16524; skewQuote : ;-1.2;;;;;;;;;;;;;;;;;;;;;;;;;;;;;
m : ;2.12E-05; skewModel : ;-1.1653; skewQuote : ;-1.2;;;;;;;;;;;;;;;;;;;;;;;;;;;;;
m : ;2.12E-05; skewModel : ;-1.1653; skewQuote : ;-1.2;;;;;;;;;;;;;;;;;;;;;;;;;;;;;
m : ;2.67E-06; skewModel : ;-1.16532; skewQuote : ;-1.2;;;;;;;;;;;;;;;;;;;;;;;;;;;;;
m : ;2.67E-06; skewModel : ;-1.16532; skewQuote : ;-1.2;;;;;;;;;;;;;;;;;;;;;;;;;;;;;
m : ;2.24E-06; skewModel : ;-1.16532; skewQuote : ;-1.2;;;;;;;;;;;;;;;;;;;;;;;;;;;;;
m : ;2.24E-06; skewModel : ;-1.16532; skewQuote : ;-1.2;;;;;;;;;;;;;;;;;;;;;;;;;;;;;
 Criteria : ;StationaryFunctionValue;;;;;;;;;;;;;;;;;;;;;;;;;;;;;;;;;
 Root : ;[ 2.24421e-006 ];;;;;;;;;;;;;;;;;;;;;;;;;;;;;;;;;
 Min Function Value : ;0.0346779;;;;;;;;;;;;;;;;;;;;;;;;;;;;;;;;;
;;;;;;;;;;;;;;;;;;;;;;;;;;;;;;;;;;
sigma : ;1.04708; volModel : ;0.137786; volQuote : ;0.1378;;;;;;;;;;;;;;;;;;;;;;;;;;;;;
sigma : ;1.04708; volModel : ;0.137786; volQuote : ;0.1378;;;;;;;;;;;;;;;;;;;;;;;;;;;;;
sigma : ;1.04718; volModel : ;0.137789; volQuote : ;0.1378;;;;;;;;;;;;;;;;;;;;;;;;;;;;;
sigma : ;1.04753; volModel : ;0.1378; volQuote : ;0.1378;;;;;;;;;;;;;;;;;;;;;;;;;;;;;
sigma : ;1.04764; volModel : ;0.137803; volQuote : ;0.1378;;;;;;;;;;;;;;;;;;;;;;;;;;;;;
sigma : ;1.04753; volModel : ;0.1378; volQuote : ;0.1378;;;;;;;;;;;;;;;;;;;;;;;;;;;;;
sigma : ;1.04764; volModel : ;0.137803; volQuote : ;0.1378;;;;;;;;;;;;;;;;;;;;;;;;;;;;;
sigma : ;1.04753; volModel : ;0.1378; volQuote : ;0.1378;;;;;;;;;;;;;;;;;;;;;;;;;;;;;
sigma : ;1.04753; volModel : ;0.1378; volQuote : ;0.1378;;;;;;;;;;;;;;;;;;;;;;;;;;;;;
 Criteria : ;StationaryFunctionValue;;;;;;;;;;;;;;;;;;;;;;;;;;;;;;;;;
 Root : ;[ 1.04753 ];;;;;;;;;;;;;;;;;;;;;;;;;;;;;;;;;
 Min Function Value : ;8.33E-17;;;;;;;;;;;;;;;;;;;;;;;;;;;;;;;;;
;;;;;;;;;;;;;;;;;;;;;;;;;;;;;;;;;;
 ; vol ATM - 5bp ; vol ATM ; vol ATM + 5bp ;;;;;;;;;;;;;;;;;;;;;;;;;;;;;;;
STRIKE ;0.0476;0.0481;0.0486;;;;;;;;;;;;;;;;;;;;;;;;;;;;;;;
VOL MODEL ;0.138387;0.1378;0.137222;;;;;;;;;;;;;;;;;;;;;;;;;;;;;;;
VOL MARKET ;0.1384;0.1378;0.1372;;;;;;;;;;;;;;;;;;;;;;;;;;;;;;;
;;;;;;;;;;;;;;;;;;;;;;;;;;;;;;;;;;
---------------------------------------------;;;;;;;;;;;;;;;;;;;;;;;;;;;;;;;;;;
------------- Cheyette DD Model ------------;;;;;;;;;;;;;;;;;;;;;;;;;;;;;;;;;;
  SIGMA piecewise constant ;;;;;;;;;;;;;;;;;;;;;;;;;;;;;;;;;;
       for x in [0, 1], y = 1.59992;;;;;;;;;;;;;;;;;;;;;;;;;;;;;;;;;;
       for x in [1, 2[, y = 1.5906;;;;;;;;;;;;;;;;;;;;;;;;;;;;;;;;;;
       for x in [2, 3[, y = 1.2722;;;;;;;;;;;;;;;;;;;;;;;;;;;;;;;;;;
       for x in [3, 4[, y = 1.13141;;;;;;;;;;;;;;;;;;;;;;;;;;;;;;;;;;
       for x in [4, 5[, y = 1.16509;;;;;;;;;;;;;;;;;;;;;;;;;;;;;;;;;;
       for x in [5, 6[, y = 1.0576;;;;;;;;;;;;;;;;;;;;;;;;;;;;;;;;;;
       for x in [6, 7[, y = 0.799576;;;;;;;;;;;;;;;;;;;;;;;;;;;;;;;;;;
       for x in [7, 8[, y = 1.04691;;;;;;;;;;;;;;;;;;;;;;;;;;;;;;;;;;
       for x in [8, 9], y = 1.04753;;;;;;;;;;;;;;;;;;;;;;;;;;;;;;;;;;
  M piecewise constant ;;;;;;;;;;;;;;;;;;;;;;;;;;;;;;;;;;
       for x in [0, 1], y = 2.51013e-008;;;;;;;;;;;;;;;;;;;;;;;;;;;;;;;;;;
       for x in [1, 2[, y = 1.74725e-007;;;;;;;;;;;;;;;;;;;;;;;;;;;;;;;;;;
       for x in [2, 3[, y = 0.0519232;;;;;;;;;;;;;;;;;;;;;;;;;;;;;;;;;;
       for x in [3, 4[, y = 0.0706658;;;;;;;;;;;;;;;;;;;;;;;;;;;;;;;;;;
       for x in [4, 5[, y = 8.85655e-007;;;;;;;;;;;;;;;;;;;;;;;;;;;;;;;;;;
       for x in [5, 6[, y = 0.04733;;;;;;;;;;;;;;;;;;;;;;;;;;;;;;;;;;
       for x in [6, 7[, y = 0.0961333;;;;;;;;;;;;;;;;;;;;;;;;;;;;;;;;;;
       for x in [7, 8[, y = 0.00831002;;;;;;;;;;;;;;;;;;;;;;;;;;;;;;;;;;
       for x in [8, 9], y = 2.24421e-006;;;;;;;;;;;;;;;;;;;;;;;;;;;;;;;;;;
  k constant ;;;;;;;;;;;;;;;;;;;;;;;;;;;;;;;;;;
       k = 0.15;;;;;;;;;;;;;;;;;;;;;;;;;;;;;;;;;;
---------------------------------------------;;;;;;;;;;;;;;;;;;;;;;;;;;;;;;;;;;
swaption ; volATM - 5bp ; volATM ; volATM + 5 bp;;;;;;;;;;;;;;;;;;;;;;;;;;;;;;;
vol ATM swaption 1Y9Y ;0.2237;0.2225;0.2213;;;;;;;;;;;;;;;;;;;;;;;;;;;;;;;
vol ATM swaption 2Y8Y ;0.2098;0.2085;0.2072;;;;;;;;;;;;;;;;;;;;;;;;;;;;;;;
vol ATM swaption 3Y7Y ;0.1898;0.189;0.1882;;;;;;;;;;;;;;;;;;;;;;;;;;;;;;;
vol ATM swaption 4Y6Y ;0.1746;0.174;0.1734;;;;;;;;;;;;;;;;;;;;;;;;;;;;;;;
vol ATM swaption 5Y5Y ;0.161;0.16;0.1592;;;;;;;;;;;;;;;;;;;;;;;;;;;;;;;
vol ATM swaption 6Y4Y ;0.1536;0.1529;0.1524;;;;;;;;;;;;;;;;;;;;;;;;;;;;;;;
vol ATM swaption 7Y3Y ;0.146;0.1455;0.145;;;;;;;;;;;;;;;;;;;;;;;;;;;;;;;
vol ATM swaption 8Y2Y ;0.1414;0.1409;0.1403;;;;;;;;;;;;;;;;;;;;;;;;;;;;;;;
vol ATM swaption 9Y1Y ;0.1384;0.1378;0.1372;;;;;;;;;;;;;;;;;;;;;;;;;;;;;;;
